cpu-bind=NONE - vr-r42-cn01, task  0  0 [99023]: mask 0xffffffffffffffffffffffffffffffffffffffffffffffffffffffffffffffffffffffffffffffffffffffff
cpu-bind=NONE - vr-r42-cn01, task  1  1 [99024]: mask 0xffffffffffffffffffffffffffffffffffffffffffffffffffffffffffffffffffffffffffffffffffffffff
cpu-bind=NONE - vr-r42-cn01, task  2  2 [99025]: mask 0xffffffffffffffffffffffffffffffffffffffffffffffffffffffffffffffffffffffffffffffffffffffff
cpu-bind=NONE - vr-r42-cn01, task  3  3 [99026]: mask 0xffffffffffffffffffffffffffffffffffffffffffffffffffffffffffffffffffffffffffffffffffffffff
cpu-bind=NONE - vr-r42-cn05, task  4  0 [98320]: mask 0xffffffffffffffffffffffffffffffffffffffffffffffffffffffffffffffffffffffffffffffffffffffff
cpu-bind=NONE - vr-r42-cn05, task  5  1 [98321]: mask 0xffffffffffffffffffffffffffffffffffffffffffffffffffffffffffffffffffffffffffffffffffffffff
cpu-bind=NONE - vr-r42-cn05, task  6  2 [98322]: mask 0xffffffffffffffffffffffffffffffffffffffffffffffffffffffffffffffffffffffffffffffffffffffff
cpu-bind=NONE - vr-r42-cn05, task  7  3 [98323]: mask 0xffffffffffffffffffffffffffffffffffffffffffffffffffffffffffffffffffffffffffffffffffffffff
Running setup script: /configs/install_dynamo_wheel.sh (fallback /configs/patches/install_dynamo_wheel.sh)
Running setup script: /configs/install_dynamo_wheel.sh (fallback /configs/patches/install_dynamo_wheel.sh)
Running setup script: /configs/install_dynamo_wheel.sh (fallback /configs/patches/install_dynamo_wheel.sh)
Running setup script: /configs/install_dynamo_wheel.sh (fallback /configs/patches/install_dynamo_wheel.sh)
Looking in indexes: https://pypi.org/simple, https://pypi.nvidia.com/
Collecting aiconfigurator-core
  Downloading aiconfigurator_core-0.12.0-cp311-abi3-manylinux_2_28_aarch64.whl (81.6 MB)
Running setup script: /configs/install_dynamo_wheel.sh (fallback /configs/patches/install_dynamo_wheel.sh)
Running setup script: /configs/install_dynamo_wheel.sh (fallback /configs/patches/install_dynamo_wheel.sh)
Running setup script: /configs/install_dynamo_wheel.sh (fallback /configs/patches/install_dynamo_wheel.sh)
Running setup script: /configs/install_dynamo_wheel.sh (fallback /configs/patches/install_dynamo_wheel.sh)
Looking in indexes: https://pypi.org/simple, https://pypi.nvidia.com/
Collecting aiconfigurator-core
  Downloading aiconfigurator_core-0.12.0-cp311-abi3-manylinux_2_28_aarch64.whl (81.6 MB)
     ━━━━━━━━━━━━━━━━━━━━━━━━━━━━━━━━━━━━━━━━ 81.6/81.6 MB 150.4 MB/s  0:00:00
Requirement already satisfied: packaging>=20.0 in /usr/local/lib/python3.12/dist-packages (from aiconfigurator-core) (26.2)
Requirement already satisfied: numpy<3,>=2.1 in /usr/local/lib/python3.12/dist-packages (from aiconfigurator-core) (2.1.0)
Requirement already satisfied: pandas>=2.2.3 in /usr/local/lib/python3.12/dist-packages (from aiconfigurator-core) (3.0.5)
Requirement already satisfied: pyarrow>=15.0.0 in /usr/local/lib/python3.12/dist-packages (from aiconfigurator-core) (25.0.1)
Requirement already satisfied: pyyaml>=6.0 in /usr/lib/python3/dist-packages (from aiconfigurator-core) (6.0.1)
Requirement already satisfied: scipy>=1.13.1 in /usr/local/lib/python3.12/dist-packages (from aiconfigurator-core) (1.18.1)
Requirement already satisfied: python-dateutil>=2.8.2 in /usr/local/lib/python3.12/dist-packages (from pandas>=2.2.3->aiconfigurator-core) (2.9.0.post0)
Requirement already satisfied: six>=1.5 in /usr/local/lib/python3.12/dist-packages (from python-dateutil>=2.8.2->pandas>=2.2.3->aiconfigurator-core) (1.16.0)
Installing collected packages: aiconfigurator-core
Successfully installed aiconfigurator-core-0.12.0
WARNING: Running pip as the 'root' user can result in broken permissions and conflicting behaviour with the system package manager, possibly rendering your system unusable. It is recommended to use a virtual environment instead: https://pip.pypa.io/warnings/venv. Use the --root-user-action option if you know what you are doing and want to suppress this warning.
Collecting PyYAML==6.0.3
  Downloading pyyaml-6.0.3-cp312-cp312-manylinux2014_aarch64.manylinux_2_17_aarch64.manylinux_2_28_aarch64.whl.metadata (2.4 kB)
Downloading pyyaml-6.0.3-cp312-cp312-manylinux2014_aarch64.manylinux_2_17_aarch64.manylinux_2_28_aarch64.whl (775 kB)
   ━━━━━━━━━━━━━━━━━━━━━━━━━━━━━━━━━━━━━━━━ 775.1/775.1 kB 19.6 MB/s  0:00:00
Installing collected packages: PyYAML
Successfully installed PyYAML-6.0.3
WARNING: Running pip as the 'root' user can result in broken permissions and conflicting behaviour with the system package manager, possibly rendering your system unusable. It is recommended to use a virtual environment instead: https://pip.pypa.io/warnings/venv. Use the --root-user-action option if you know what you are doing and want to suppress this warning.
Processing /dynamo_wheels/ai_dynamo-1.6.0.dev20261004-py3-none-any.whl
Processing /dynamo_wheels/ai_dynamo_runtime-1.6.0.dev20261004-cp310-abi3-manylinux_2_28_aarch64.whl
Requirement already satisfied: aiohttp<4.0,>=3.14.3 in /usr/local/lib/python3.12/dist-packages (from ai-dynamo==1.6.0.dev20261004) (3.14.3)
Collecting aisimulate==0.13.0.dev202609300000000061 (from ai-dynamo==1.6.0.dev20261004)
  Downloading aisimulate-0.13.0.dev202609300000000061-cp311-abi3-manylinux_2_28_aarch64.whl.metadata (8.0 kB)
Collecting kubernetes<33.0.0,>=32.0.1 (from ai-dynamo==1.6.0.dev20261004)
  Downloading kubernetes-32.0.1-py2.py3-none-any.whl.metadata (1.7 kB)
Collecting msgspec>=0.19.0 (from ai-dynamo==1.6.0.dev20261004)
  Downloading msgspec-0.22.0-cp312-cp312-manylinux2014_aarch64.manylinux_2_17_aarch64.manylinux_2_28_aarch64.whl.metadata (6.0 kB)
Requirement already satisfied: prometheus-client<1.0,>=0.23.1 in /usr/local/lib/python3.12/dist-packages (from ai-dynamo==1.6.0.dev20261004) (0.26.0)
Requirement already satisfied: pyzmq>=26.0.0 in /usr/local/lib/python3.12/dist-packages (from ai-dynamo==1.6.0.dev20261004) (27.2.0)
Collecting redis<9.0.0,>=6.2.0 (from ai-dynamo==1.6.0.dev20261004)
  Downloading redis-8.1.0-py3-none-any.whl.metadata (16 kB)
Requirement already satisfied: tqdm>=4.0.0 in /usr/local/lib/python3.12/dist-packages (from ai-dynamo==1.6.0.dev20261004) (4.70.0)
Requirement already satisfied: transformers>=4.56.0 in /usr/local/lib/python3.12/dist-packages (from ai-dynamo==1.6.0.dev20261004) (5.5.4)
Requirement already satisfied: typing-extensions>=4.10.0 in /usr/local/lib/python3.12/dist-packages (from ai-dynamo==1.6.0.dev20261004) (4.16.0)
Collecting zstandard<1.0,>=0.23.0 (from ai-dynamo==1.6.0.dev20261004)
  Downloading zstandard-0.25.0-cp312-cp312-manylinux2014_aarch64.manylinux_2_17_aarch64.whl.metadata (3.3 kB)
Requirement already satisfied: pydantic<=2.13.5,>=2.10.6 in /usr/local/lib/python3.12/dist-packages (from ai-dynamo-runtime==1.6.0.dev20261004) (2.13.4)
Requirement already satisfied: uvloop>=0.21.0 in /usr/local/lib/python3.12/dist-packages (from ai-dynamo-runtime==1.6.0.dev20261004) (0.23.0)
Collecting chex==0.1.87 (from aisimulate==0.13.0.dev202609300000000061->ai-dynamo==1.6.0.dev20261004)
  Downloading chex-0.1.87-py3-none-any.whl.metadata (17 kB)
Collecting flax==0.10.0 (from aisimulate==0.13.0.dev202609300000000061->ai-dynamo==1.6.0.dev20261004)
  Downloading flax-0.10.0-py3-none-any.whl.metadata (11 kB)
Collecting google-vizier==0.1.21 (from google-vizier[jax]==0.1.21->aisimulate==0.13.0.dev202609300000000061->ai-dynamo==1.6.0.dev20261004)
  Downloading google_vizier-0.1.21-py3-none-any.whl.metadata (11 kB)
Collecting googleapis-common-protos<1.75.4 (from aisimulate==0.13.0.dev202609300000000061->ai-dynamo==1.6.0.dev20261004)
  Downloading googleapis_common_protos-1.75.3-py3-none-any.whl.metadata (8.5 kB)
Requirement already satisfied: jinja2>=3.1.0 in /usr/local/lib/python3.12/dist-packages (from aisimulate==0.13.0.dev202609300000000061->ai-dynamo==1.6.0.dev20261004) (3.1.6)
Collecting jax==0.4.38 (from aisimulate==0.13.0.dev202609300000000061->ai-dynamo==1.6.0.dev20261004)
  Downloading jax-0.4.38-py3-none-any.whl.metadata (22 kB)
Collecting jaxlib==0.4.38 (from aisimulate==0.13.0.dev202609300000000061->ai-dynamo==1.6.0.dev20261004)
  Downloading jaxlib-0.4.38-cp312-cp312-manylinux2014_aarch64.whl.metadata (1.0 kB)
Requirement already satisfied: packaging>=20.0 in /usr/local/lib/python3.12/dist-packages (from aisimulate==0.13.0.dev202609300000000061->ai-dynamo==1.6.0.dev20261004) (26.2)
Requirement already satisfied: matplotlib>=3.9.4 in /usr/local/lib/python3.12/dist-packages (from aisimulate==0.13.0.dev202609300000000061->ai-dynamo==1.6.0.dev20261004) (3.11.1)
Requirement already satisfied: numpy<3,>=2.1 in /usr/local/lib/python3.12/dist-packages (from aisimulate==0.13.0.dev202609300000000061->ai-dynamo==1.6.0.dev20261004) (2.1.0)
Requirement already satisfied: pandas>=2.2.3 in /usr/local/lib/python3.12/dist-packages (from aisimulate==0.13.0.dev202609300000000061->ai-dynamo==1.6.0.dev20261004) (3.0.5)
Collecting plotext<6,>=5.3.2 (from aisimulate==0.13.0.dev202609300000000061->ai-dynamo==1.6.0.dev20261004)
  Downloading plotext-5.3.2-py3-none-any.whl.metadata (5.5 kB)
Requirement already satisfied: plotly>=6.0.1 in /usr/local/lib/python3.12/dist-packages (from aisimulate==0.13.0.dev202609300000000061->ai-dynamo==1.6.0.dev20261004) (7.1.0)
Collecting prettytable>=3.16.0 (from aisimulate==0.13.0.dev202609300000000061->ai-dynamo==1.6.0.dev20261004)
     ━━━━━━━━━━━━━━━━━━━━━━━━━━━━━━━━━━━╸     73.4/81.6 MB 18.6 MB/s eta 0:00:01
  WARNING: Connection interrupted while downloading.
  WARNING: Attempting to resume incomplete download (73.4 MB/81.6 MB, attempt 1)
  Downloading prettytable-3.18.0-py3-none-any.whl.metadata (37 kB)
Requirement already satisfied: psutil<8,>=7.0 in /usr/local/lib/python3.12/dist-packages (from aisimulate==0.13.0.dev202609300000000061->ai-dynamo==1.6.0.dev20261004) (7.2.2)
Collecting ijson<4,>=3.4 (from aisimulate==0.13.0.dev202609300000000061->ai-dynamo==1.6.0.dev20261004)
  Downloading ijson-3.5.1-cp312-cp312-manylinux2014_aarch64.manylinux_2_17_aarch64.manylinux_2_28_aarch64.whl.metadata (23 kB)
Requirement already satisfied: pyarrow>=15.0.0 in /usr/local/lib/python3.12/dist-packages (from aisimulate==0.13.0.dev202609300000000061->ai-dynamo==1.6.0.dev20261004) (25.0.1)
Requirement already satisfied: pyyaml>=6.0 in /usr/local/lib/python3.12/dist-packages (from aisimulate==0.13.0.dev202609300000000061->ai-dynamo==1.6.0.dev20261004) (6.0.3)
Requirement already satisfied: scipy>=1.13.1 in /usr/local/lib/python3.12/dist-packages (from aisimulate==0.13.0.dev202609300000000061->ai-dynamo==1.6.0.dev20261004) (1.18.1)
Collecting bokeh (from aisimulate==0.13.0.dev202609300000000061->ai-dynamo==1.6.0.dev20261004)
  Downloading bokeh-3.10.0-py3-none-any.whl.metadata (11 kB)
Requirement already satisfied: nvidia-ml-py in /usr/local/lib/python3.12/dist-packages (from aisimulate==0.13.0.dev202609300000000061->ai-dynamo==1.6.0.dev20261004) (13.610.43)
Collecting munch>=4.0.0 (from aisimulate==0.13.0.dev202609300000000061->ai-dynamo==1.6.0.dev20261004)
  Downloading munch-4.0.0-py2.py3-none-any.whl.metadata (5.9 kB)
Collecting optax==0.2.4 (from aisimulate==0.13.0.dev202609300000000061->ai-dynamo==1.6.0.dev20261004)
  Downloading optax-0.2.4-py3-none-any.whl.metadata (8.3 kB)
  Resuming download aiconfigurator_core-0.12.0-cp311-abi3-manylinux_2_28_aarch64.whl (73.4 MB/81.6 MB)
     ━━━━━━━━━━━━━━━━━━━━━━━━━━━━━━━━━━━━━━━━ 81.6/81.6 MB 159.8 MB/s  0:00:00
Collecting tfp-nightly==0.26.0.dev20260626 (from tfp-nightly[jax]==0.26.0.dev20260626->aisimulate==0.13.0.dev202609300000000061->ai-dynamo==1.6.0.dev20261004)
  Downloading tfp_nightly-0.26.0.dev20260626-py2.py3-none-any.whl.metadata (13 kB)
Requirement already satisfied: absl-py>=0.9.0 in /usr/local/lib/python3.12/dist-packages (from chex==0.1.87->aisimulate==0.13.0.dev202609300000000061->ai-dynamo==1.6.0.dev20261004) (2.5.0)
Collecting toolz>=0.9.0 (from chex==0.1.87->aisimulate==0.13.0.dev202609300000000061->ai-dynamo==1.6.0.dev20261004)
  Downloading toolz-1.2.0-py3-none-any.whl.metadata (5.2 kB)
Requirement already satisfied: setuptools in /usr/local/lib/python3.12/dist-packages (from chex==0.1.87->aisimulate==0.13.0.dev202609300000000061->ai-dynamo==1.6.0.dev20261004) (81.0.0)
Requirement already satisfied: msgpack in /usr/local/lib/python3.12/dist-packages (from flax==0.10.0->aisimulate==0.13.0.dev202609300000000061->ai-dynamo==1.6.0.dev20261004) (1.2.3)
Collecting orbax-checkpoint (from flax==0.10.0->aisimulate==0.13.0.dev202609300000000061->ai-dynamo==1.6.0.dev20261004)
  Downloading orbax_checkpoint-0.12.7-py3-none-any.whl.metadata (3.3 kB)
Requirement already satisfied: packaging>=20.0 in /usr/local/lib/python3.12/dist-packages (from aiconfigurator-core) (26.2)
Requirement already satisfied: numpy<3,>=2.1 in /usr/local/lib/python3.12/dist-packages (from aiconfigurator-core) (2.1.0)
Requirement already satisfied: pandas>=2.2.3 in /usr/local/lib/python3.12/dist-packages (from aiconfigurator-core) (3.0.5)
Requirement already satisfied: pyarrow>=15.0.0 in /usr/local/lib/python3.12/dist-packages (from aiconfigurator-core) (25.0.1)
Requirement already satisfied: pyyaml>=6.0 in /usr/lib/python3/dist-packages (from aiconfigurator-core) (6.0.1)
Requirement already satisfied: scipy>=1.13.1 in /usr/local/lib/python3.12/dist-packages (from aiconfigurator-core) (1.18.1)
Requirement already satisfied: python-dateutil>=2.8.2 in /usr/local/lib/python3.12/dist-packages (from pandas>=2.2.3->aiconfigurator-core) (2.9.0.post0)
Requirement already satisfied: six>=1.5 in /usr/local/lib/python3.12/dist-packages (from python-dateutil>=2.8.2->pandas>=2.2.3->aiconfigurator-core) (1.16.0)
Collecting tensorstore (from flax==0.10.0->aisimulate==0.13.0.dev202609300000000061->ai-dynamo==1.6.0.dev20261004)
  Downloading tensorstore-0.1.85-cp312-cp312-manylinux_2_27_aarch64.manylinux_2_28_aarch64.whl.metadata (3.3 kB)
Requirement already satisfied: rich>=11.1 in /usr/local/lib/python3.12/dist-packages (from flax==0.10.0->aisimulate==0.13.0.dev202609300000000061->ai-dynamo==1.6.0.dev20261004) (15.0.0)
Requirement already satisfied: attrs>=23.1.0 in /usr/local/lib/python3.12/dist-packages (from google-vizier==0.1.21->google-vizier[jax]==0.1.21->aisimulate==0.13.0.dev202609300000000061->ai-dynamo==1.6.0.dev20261004) (26.1.0)
Requirement already satisfied: protobuf>=3.6 in /usr/local/lib/python3.12/dist-packages (from google-vizier==0.1.21->google-vizier[jax]==0.1.21->aisimulate==0.13.0.dev202609300000000061->ai-dynamo==1.6.0.dev20261004) (6.33.6)
Collecting portpicker>=1.3.1 (from google-vizier==0.1.21->google-vizier[jax]==0.1.21->aisimulate==0.13.0.dev202609300000000061->ai-dynamo==1.6.0.dev20261004)
  Downloading portpicker-1.6.0-py3-none-any.whl.metadata (1.5 kB)
Requirement already satisfied: grpcio>=1.35.0 in /usr/local/lib/python3.12/dist-packages (from google-vizier==0.1.21->google-vizier[jax]==0.1.21->aisimulate==0.13.0.dev202609300000000061->ai-dynamo==1.6.0.dev20261004) (1.83.0)
Requirement already satisfied: grpcio-tools>=1.35.0 in /usr/local/lib/python3.12/dist-packages (from google-vizier==0.1.21->google-vizier[jax]==0.1.21->aisimulate==0.13.0.dev202609300000000061->ai-dynamo==1.6.0.dev20261004) (1.81.1)
Installing collected packages: aiconfigurator-core
Collecting sqlalchemy>=1.4 (from google-vizier==0.1.21->google-vizier[jax]==0.1.21->aisimulate==0.13.0.dev202609300000000061->ai-dynamo==1.6.0.dev20261004)
  Downloading sqlalchemy-2.1.3-cp312-cp312-manylinux2014_aarch64.manylinux_2_17_aarch64.manylinux_2_28_aarch64.whl.metadata (9.7 kB)
Collecting jaxopt>=0.8.3 (from google-vizier[jax]==0.1.21->aisimulate==0.13.0.dev202609300000000061->ai-dynamo==1.6.0.dev20261004)
  Downloading jaxopt-0.8.5-py3-none-any.whl.metadata (3.3 kB)
Collecting equinox==0.11.7 (from google-vizier[jax]==0.1.21->aisimulate==0.13.0.dev202609300000000061->ai-dynamo==1.6.0.dev20261004)
  Downloading equinox-0.11.7-py3-none-any.whl.metadata (18 kB)
Collecting jaxtyping>=0.2.34 (from google-vizier[jax]==0.1.21->aisimulate==0.13.0.dev202609300000000061->ai-dynamo==1.6.0.dev20261004)
  Downloading jaxtyping-0.3.11-py3-none-any.whl.metadata (6.2 kB)
Collecting typeguard<=2.13.3 (from google-vizier[jax]==0.1.21->aisimulate==0.13.0.dev202609300000000061->ai-dynamo==1.6.0.dev20261004)
  Downloading typeguard-2.13.3-py3-none-any.whl.metadata (3.6 kB)
Requirement already satisfied: ml_dtypes>=0.4.0 in /usr/local/lib/python3.12/dist-packages (from jax==0.4.38->aisimulate==0.13.0.dev202609300000000061->ai-dynamo==1.6.0.dev20261004) (0.6.0)
Collecting opt_einsum (from jax==0.4.38->aisimulate==0.13.0.dev202609300000000061->ai-dynamo==1.6.0.dev20261004)
  Downloading opt_einsum-3.4.0-py3-none-any.whl.metadata (6.3 kB)
Collecting etils[epy] (from optax==0.2.4->aisimulate==0.13.0.dev202609300000000061->ai-dynamo==1.6.0.dev20261004)
  Downloading etils-1.14.0-py3-none-any.whl.metadata (6.5 kB)
Requirement already satisfied: six>=1.10.0 in /usr/local/lib/python3.12/dist-packages (from tfp-nightly==0.26.0.dev20260626->tfp-nightly[jax]==0.26.0.dev20260626->aisimulate==0.13.0.dev202609300000000061->ai-dynamo==1.6.0.dev20261004) (1.16.0)
Requirement already satisfied: decorator in /usr/local/lib/python3.12/dist-packages (from tfp-nightly==0.26.0.dev20260626->tfp-nightly[jax]==0.26.0.dev20260626->aisimulate==0.13.0.dev202609300000000061->ai-dynamo==1.6.0.dev20261004) (5.3.1)
Requirement already satisfied: cloudpickle>=1.3 in /usr/local/lib/python3.12/dist-packages (from tfp-nightly==0.26.0.dev20260626->tfp-nightly[jax]==0.26.0.dev20260626->aisimulate==0.13.0.dev202609300000000061->ai-dynamo==1.6.0.dev20261004) (3.1.2)
Requirement already satisfied: gast>=0.3.2 in /usr/local/lib/python3.12/dist-packages (from tfp-nightly==0.26.0.dev20260626->tfp-nightly[jax]==0.26.0.dev20260626->aisimulate==0.13.0.dev202609300000000061->ai-dynamo==1.6.0.dev20261004) (0.7.0)
Collecting dm-tree (from tfp-nightly==0.26.0.dev20260626->tfp-nightly[jax]==0.26.0.dev20260626->aisimulate==0.13.0.dev202609300000000061->ai-dynamo==1.6.0.dev20261004)
  Downloading dm_tree-0.1.10-cp312-cp312-manylinux_2_24_aarch64.manylinux_2_28_aarch64.whl.metadata (2.6 kB)
Requirement already satisfied: aiohappyeyeballs>=2.5.0 in /usr/local/lib/python3.12/dist-packages (from aiohttp<4.0,>=3.14.3->ai-dynamo==1.6.0.dev20261004) (2.7.1)
Requirement already satisfied: aiosignal>=1.4.0 in /usr/local/lib/python3.12/dist-packages (from aiohttp<4.0,>=3.14.3->ai-dynamo==1.6.0.dev20261004) (1.4.0)
Requirement already satisfied: frozenlist>=1.1.1 in /usr/local/lib/python3.12/dist-packages (from aiohttp<4.0,>=3.14.3->ai-dynamo==1.6.0.dev20261004) (1.8.0)
Requirement already satisfied: multidict<7.0,>=4.5 in /usr/local/lib/python3.12/dist-packages (from aiohttp<4.0,>=3.14.3->ai-dynamo==1.6.0.dev20261004) (6.7.1)
Requirement already satisfied: propcache>=0.2.0 in /usr/local/lib/python3.12/dist-packages (from aiohttp<4.0,>=3.14.3->ai-dynamo==1.6.0.dev20261004) (0.5.2)
Requirement already satisfied: yarl<2.0,>=1.17.0 in /usr/local/lib/python3.12/dist-packages (from aiohttp<4.0,>=3.14.3->ai-dynamo==1.6.0.dev20261004) (1.24.5)
Requirement already satisfied: certifi>=14.05.14 in /usr/local/lib/python3.12/dist-packages (from kubernetes<33.0.0,>=32.0.1->ai-dynamo==1.6.0.dev20261004) (2026.7.22)
Requirement already satisfied: python-dateutil>=2.5.3 in /usr/local/lib/python3.12/dist-packages (from kubernetes<33.0.0,>=32.0.1->ai-dynamo==1.6.0.dev20261004) (2.9.0.post0)
Requirement already satisfied: google-auth>=1.0.1 in /usr/local/lib/python3.12/dist-packages (from kubernetes<33.0.0,>=32.0.1->ai-dynamo==1.6.0.dev20261004) (2.59.1)
Requirement already satisfied: websocket-client!=0.40.0,!=0.41.*,!=0.42.*,>=0.32.0 in /usr/local/lib/python3.12/dist-packages (from kubernetes<33.0.0,>=32.0.1->ai-dynamo==1.6.0.dev20261004) (1.9.0)
Requirement already satisfied: requests in /usr/local/lib/python3.12/dist-packages (from kubernetes<33.0.0,>=32.0.1->ai-dynamo==1.6.0.dev20261004) (2.34.2)
Collecting requests-oauthlib (from kubernetes<33.0.0,>=32.0.1->ai-dynamo==1.6.0.dev20261004)
  Downloading requests_oauthlib-2.0.0-py2.py3-none-any.whl.metadata (11 kB)
Collecting oauthlib>=3.2.2 (from kubernetes<33.0.0,>=32.0.1->ai-dynamo==1.6.0.dev20261004)
  Downloading oauthlib-4.0.0-py3-none-any.whl.metadata (8.6 kB)
Requirement already satisfied: urllib3>=1.24.2 in /usr/local/lib/python3.12/dist-packages (from kubernetes<33.0.0,>=32.0.1->ai-dynamo==1.6.0.dev20261004) (2.7.0)
Collecting durationpy>=0.7 (from kubernetes<33.0.0,>=32.0.1->ai-dynamo==1.6.0.dev20261004)
  Downloading durationpy-0.11-py3-none-any.whl.metadata (474 bytes)
Requirement already satisfied: annotated-types>=0.6.0 in /usr/local/lib/python3.12/dist-packages (from pydantic<=2.13.5,>=2.10.6->ai-dynamo-runtime==1.6.0.dev20261004) (0.8.0)
Requirement already satisfied: pydantic-core==2.46.4 in /usr/local/lib/python3.12/dist-packages (from pydantic<=2.13.5,>=2.10.6->ai-dynamo-runtime==1.6.0.dev20261004) (2.46.4)
Requirement already satisfied: typing-inspection>=0.4.2 in /usr/local/lib/python3.12/dist-packages (from pydantic<=2.13.5,>=2.10.6->ai-dynamo-runtime==1.6.0.dev20261004) (0.4.4)
Requirement already satisfied: idna>=2.0 in /usr/local/lib/python3.12/dist-packages (from yarl<2.0,>=1.17.0->aiohttp<4.0,>=3.14.3->ai-dynamo==1.6.0.dev20261004) (3.19)
Requirement already satisfied: pyasn1-modules>=0.2.1 in /usr/local/lib/python3.12/dist-packages (from google-auth>=1.0.1->kubernetes<33.0.0,>=32.0.1->ai-dynamo==1.6.0.dev20261004) (0.4.2)
Requirement already satisfied: cryptography>=38.0.3 in /usr/local/lib/python3.12/dist-packages (from google-auth>=1.0.1->kubernetes<33.0.0,>=32.0.1->ai-dynamo==1.6.0.dev20261004) (50.0.2)
Requirement already satisfied: cffi>=2.0.0 in /usr/local/lib/python3.12/dist-packages (from cryptography>=38.0.3->google-auth>=1.0.1->kubernetes<33.0.0,>=32.0.1->ai-dynamo==1.6.0.dev20261004) (2.1.1)
Requirement already satisfied: pycparser in /usr/local/lib/python3.12/dist-packages (from cffi>=2.0.0->cryptography>=38.0.3->google-auth>=1.0.1->kubernetes<33.0.0,>=32.0.1->ai-dynamo==1.6.0.dev20261004) (3.0)
Collecting wadler-lindig>=0.1.3 (from jaxtyping>=0.2.34->google-vizier[jax]==0.1.21->aisimulate==0.13.0.dev202609300000000061->ai-dynamo==1.6.0.dev20261004)
  Downloading wadler_lindig-0.1.7-py3-none-any.whl.metadata (17 kB)
Requirement already satisfied: MarkupSafe>=2.0 in /usr/local/lib/python3.12/dist-packages (from jinja2>=3.1.0->aisimulate==0.13.0.dev202609300000000061->ai-dynamo==1.6.0.dev20261004) (3.0.3)
Requirement already satisfied: contourpy>=1.0.1 in /usr/local/lib/python3.12/dist-packages (from matplotlib>=3.9.4->aisimulate==0.13.0.dev202609300000000061->ai-dynamo==1.6.0.dev20261004) (1.3.3)
Requirement already satisfied: cycler>=0.10 in /usr/local/lib/python3.12/dist-packages (from matplotlib>=3.9.4->aisimulate==0.13.0.dev202609300000000061->ai-dynamo==1.6.0.dev20261004) (0.12.1)
Requirement already satisfied: fonttools>=4.28.2 in /usr/local/lib/python3.12/dist-packages (from matplotlib>=3.9.4->aisimulate==0.13.0.dev202609300000000061->ai-dynamo==1.6.0.dev20261004) (4.63.0)
Requirement already satisfied: kiwisolver>=1.3.1 in /usr/local/lib/python3.12/dist-packages (from matplotlib>=3.9.4->aisimulate==0.13.0.dev202609300000000061->ai-dynamo==1.6.0.dev20261004) (1.5.0)
Requirement already satisfied: pillow>=9 in /usr/local/lib/python3.12/dist-packages (from matplotlib>=3.9.4->aisimulate==0.13.0.dev202609300000000061->ai-dynamo==1.6.0.dev20261004) (12.3.0)
Requirement already satisfied: pyparsing>=3 in /usr/local/lib/python3.12/dist-packages (from matplotlib>=3.9.4->aisimulate==0.13.0.dev202609300000000061->ai-dynamo==1.6.0.dev20261004) (3.3.2)
Requirement already satisfied: narwhals>=1.15.1 in /usr/local/lib/python3.12/dist-packages (from plotly>=6.0.1->aisimulate==0.13.0.dev202609300000000061->ai-dynamo==1.6.0.dev20261004) (2.26.0)
Requirement already satisfied: wcwidth>=0.3.5 in /usr/local/lib/python3.12/dist-packages (from prettytable>=3.16.0->aisimulate==0.13.0.dev202609300000000061->ai-dynamo==1.6.0.dev20261004) (0.8.2)
Requirement already satisfied: pyasn1<0.7.0,>=0.6.1 in /usr/local/lib/python3.12/dist-packages (from pyasn1-modules>=0.2.1->google-auth>=1.0.1->kubernetes<33.0.0,>=32.0.1->ai-dynamo==1.6.0.dev20261004) (0.6.4)
Requirement already satisfied: markdown-it-py>=2.2.0 in /usr/local/lib/python3.12/dist-packages (from rich>=11.1->flax==0.10.0->aisimulate==0.13.0.dev202609300000000061->ai-dynamo==1.6.0.dev20261004) (4.2.0)
Requirement already satisfied: pygments<3.0.0,>=2.13.0 in /usr/local/lib/python3.12/dist-packages (from rich>=11.1->flax==0.10.0->aisimulate==0.13.0.dev202609300000000061->ai-dynamo==1.6.0.dev20261004) (2.21.0)
Requirement already satisfied: mdurl~=0.1 in /usr/local/lib/python3.12/dist-packages (from markdown-it-py>=2.2.0->rich>=11.1->flax==0.10.0->aisimulate==0.13.0.dev202609300000000061->ai-dynamo==1.6.0.dev20261004) (0.1.2)
Requirement already satisfied: huggingface-hub<2.0,>=1.5.0 in /usr/local/lib/python3.12/dist-packages (from transformers>=4.56.0->ai-dynamo==1.6.0.dev20261004) (1.16.1)
Requirement already satisfied: regex>=2025.10.22 in /usr/local/lib/python3.12/dist-packages (from transformers>=4.56.0->ai-dynamo==1.6.0.dev20261004) (2026.7.19)
Requirement already satisfied: tokenizers<=0.23.0,>=0.22.0 in /usr/local/lib/python3.12/dist-packages (from transformers>=4.56.0->ai-dynamo==1.6.0.dev20261004) (0.22.2)
Requirement already satisfied: typer in /usr/local/lib/python3.12/dist-packages (from transformers>=4.56.0->ai-dynamo==1.6.0.dev20261004) (0.27.2)
Requirement already satisfied: safetensors>=0.4.3 in /usr/local/lib/python3.12/dist-packages (from transformers>=4.56.0->ai-dynamo==1.6.0.dev20261004) (0.8.0)
Requirement already satisfied: filelock>=3.10.0 in /usr/local/lib/python3.12/dist-packages (from huggingface-hub<2.0,>=1.5.0->transformers>=4.56.0->ai-dynamo==1.6.0.dev20261004) (3.32.3)
Requirement already satisfied: fsspec>=2023.5.0 in /usr/local/lib/python3.12/dist-packages (from huggingface-hub<2.0,>=1.5.0->transformers>=4.56.0->ai-dynamo==1.6.0.dev20261004) (2024.9.0)
Requirement already satisfied: hf-xet<2.0.0,>=1.4.3 in /usr/local/lib/python3.12/dist-packages (from huggingface-hub<2.0,>=1.5.0->transformers>=4.56.0->ai-dynamo==1.6.0.dev20261004) (1.6.0)
Requirement already satisfied: httpx<1,>=0.23.0 in /usr/local/lib/python3.12/dist-packages (from huggingface-hub<2.0,>=1.5.0->transformers>=4.56.0->ai-dynamo==1.6.0.dev20261004) (0.28.1)
Requirement already satisfied: anyio in /usr/local/lib/python3.12/dist-packages (from httpx<1,>=0.23.0->huggingface-hub<2.0,>=1.5.0->transformers>=4.56.0->ai-dynamo==1.6.0.dev20261004) (4.14.2)
Requirement already satisfied: httpcore==1.* in /usr/local/lib/python3.12/dist-packages (from httpx<1,>=0.23.0->huggingface-hub<2.0,>=1.5.0->transformers>=4.56.0->ai-dynamo==1.6.0.dev20261004) (1.0.9)
Requirement already satisfied: h11>=0.16 in /usr/local/lib/python3.12/dist-packages (from httpcore==1.*->httpx<1,>=0.23.0->huggingface-hub<2.0,>=1.5.0->transformers>=4.56.0->ai-dynamo==1.6.0.dev20261004) (0.16.0)
Requirement already satisfied: shellingham>=1.3.0 in /usr/local/lib/python3.12/dist-packages (from typer->transformers>=4.56.0->ai-dynamo==1.6.0.dev20261004) (1.5.4)
Requirement already satisfied: annotated-doc>=0.0.2 in /usr/local/lib/python3.12/dist-packages (from typer->transformers>=4.56.0->ai-dynamo==1.6.0.dev20261004) (0.0.5)
Requirement already satisfied: tornado>=6.2 in /usr/local/lib/python3.12/dist-packages (from bokeh->aisimulate==0.13.0.dev202609300000000061->ai-dynamo==1.6.0.dev20261004) (6.5.8)
Collecting xyzservices>=2021.09.1 (from bokeh->aisimulate==0.13.0.dev202609300000000061->ai-dynamo==1.6.0.dev20261004)
  Downloading xyzservices-2026.9.1-py3-none-any.whl.metadata (4.1 kB)
Collecting wrapt>=1.11.2 (from dm-tree->tfp-nightly==0.26.0.dev20260626->tfp-nightly[jax]==0.26.0.dev20260626->aisimulate==0.13.0.dev202609300000000061->ai-dynamo==1.6.0.dev20261004)
  Downloading wrapt-2.5.0-cp312-cp312-manylinux2014_aarch64.manylinux_2_17_aarch64.manylinux_2_28_aarch64.whl.metadata (7.6 kB)
INFO: pip is looking at multiple versions of orbax-checkpoint to determine which version is compatible with other requirements. This could take a while.
Collecting orbax-checkpoint (from flax==0.10.0->aisimulate==0.13.0.dev202609300000000061->ai-dynamo==1.6.0.dev20261004)
  Downloading orbax_checkpoint-0.12.6-py3-none-any.whl.metadata (3.3 kB)
  Downloading orbax_checkpoint-0.12.5-py3-none-any.whl.metadata (3.3 kB)
  Downloading orbax_checkpoint-0.12.4-py3-none-any.whl.metadata (3.3 kB)
  Downloading orbax_checkpoint-0.12.3-py3-none-any.whl.metadata (3.3 kB)
  Downloading orbax_checkpoint-0.12.2-py3-none-any.whl.metadata (3.3 kB)
  Downloading orbax_checkpoint-0.12.1-py3-none-any.whl.metadata (3.3 kB)
  Downloading orbax_checkpoint-0.12.0-py3-none-any.whl.metadata (3.3 kB)
INFO: pip is still looking at multiple versions of orbax-checkpoint to determine which version is compatible with other requirements. This could take a while.
  Downloading orbax_checkpoint-0.11.40-py3-none-any.whl.metadata (3.1 kB)
  Downloading orbax_checkpoint-0.11.39-py3-none-any.whl.metadata (2.8 kB)
  Downloading orbax_checkpoint-0.11.38-py3-none-any.whl.metadata (2.8 kB)
  Downloading orbax_checkpoint-0.11.37-py3-none-any.whl.metadata (2.8 kB)
  Downloading orbax_checkpoint-0.11.36-py3-none-any.whl.metadata (2.7 kB)
INFO: This is taking longer than usual. You might need to provide the dependency resolver with stricter constraints to reduce runtime. See https://pip.pypa.io/warnings/backtracking for guidance. If you want to abort this run, press Ctrl + C.
  Downloading orbax_checkpoint-0.11.35-py3-none-any.whl.metadata (2.7 kB)
  Downloading orbax_checkpoint-0.11.34-py3-none-any.whl.metadata (2.7 kB)
  Downloading orbax_checkpoint-0.11.33-py3-none-any.whl.metadata (2.7 kB)
  Downloading orbax_checkpoint-0.11.32-py3-none-any.whl.metadata (2.5 kB)
  Downloading orbax_checkpoint-0.11.31-py3-none-any.whl.metadata (2.5 kB)
  Downloading orbax_checkpoint-0.11.30-py3-none-any.whl.metadata (2.5 kB)
  Downloading orbax_checkpoint-0.11.28-py3-none-any.whl.metadata (2.4 kB)
  Downloading orbax_checkpoint-0.11.27-py3-none-any.whl.metadata (2.4 kB)
  Downloading orbax_checkpoint-0.11.26-py3-none-any.whl.metadata (2.4 kB)
  Downloading orbax_checkpoint-0.11.25-py3-none-any.whl.metadata (2.3 kB)
  Downloading orbax_checkpoint-0.11.24-py3-none-any.whl.metadata (2.3 kB)
  Downloading orbax_checkpoint-0.11.23-py3-none-any.whl.metadata (2.3 kB)
  Downloading orbax_checkpoint-0.11.22-py3-none-any.whl.metadata (2.3 kB)
  Downloading orbax_checkpoint-0.11.21-py3-none-any.whl.metadata (2.3 kB)
  Downloading orbax_checkpoint-0.11.20-py3-none-any.whl.metadata (2.3 kB)
  Downloading orbax_checkpoint-0.11.19-py3-none-any.whl.metadata (2.2 kB)
  Downloading orbax_checkpoint-0.11.18-py3-none-any.whl.metadata (2.2 kB)
  Downloading orbax_checkpoint-0.11.17-py3-none-any.whl.metadata (2.2 kB)
  Downloading orbax_checkpoint-0.11.16-py3-none-any.whl.metadata (2.0 kB)
  Downloading orbax_checkpoint-0.11.15-py3-none-any.whl.metadata (2.0 kB)
  Downloading orbax_checkpoint-0.11.14-py3-none-any.whl.metadata (2.0 kB)
  Downloading orbax_checkpoint-0.11.13-py3-none-any.whl.metadata (2.0 kB)
  Downloading orbax_checkpoint-0.11.12-py3-none-any.whl.metadata (2.0 kB)
  Downloading orbax_checkpoint-0.11.11-py3-none-any.whl.metadata (2.0 kB)
  Downloading orbax_checkpoint-0.11.10-py3-none-any.whl.metadata (2.0 kB)
  Downloading orbax_checkpoint-0.11.9-py3-none-any.whl.metadata (2.0 kB)
  Downloading orbax_checkpoint-0.11.8-py3-none-any.whl.metadata (2.0 kB)
  Downloading orbax_checkpoint-0.11.7-py3-none-any.whl.metadata (2.0 kB)
  Downloading orbax_checkpoint-0.11.6-py3-none-any.whl.metadata (1.9 kB)
  Downloading orbax_checkpoint-0.11.5-py3-none-any.whl.metadata (1.9 kB)
Collecting nest_asyncio (from orbax-checkpoint->flax==0.10.0->aisimulate==0.13.0.dev202609300000000061->ai-dynamo==1.6.0.dev20261004)
  Downloading nest_asyncio-1.6.0-py3-none-any.whl.metadata (2.8 kB)
Requirement already satisfied: humanize in /usr/local/lib/python3.12/dist-packages (from orbax-checkpoint->flax==0.10.0->aisimulate==0.13.0.dev202609300000000061->ai-dynamo==1.6.0.dev20261004) (4.16.0)
Successfully installed aiconfigurator-core-0.12.0
WARNING: Running pip as the 'root' user can result in broken permissions and conflicting behaviour with the system package manager, possibly rendering your system unusable. It is recommended to use a virtual environment instead: https://pip.pypa.io/warnings/venv. Use the --root-user-action option if you know what you are doing and want to suppress this warning.
Collecting simplejson>=3.16.0 (from orbax-checkpoint->flax==0.10.0->aisimulate==0.13.0.dev202609300000000061->ai-dynamo==1.6.0.dev20261004)
  Downloading simplejson-4.2.0-cp312-cp312-manylinux2014_aarch64.manylinux_2_17_aarch64.manylinux_2_28_aarch64.whl.metadata (3.8 kB)
Requirement already satisfied: zipp in /usr/local/lib/python3.12/dist-packages (from etils[epy]->optax==0.2.4->aisimulate==0.13.0.dev202609300000000061->ai-dynamo==1.6.0.dev20261004) (4.1.0)
Requirement already satisfied: charset_normalizer<4,>=2 in /usr/local/lib/python3.12/dist-packages (from requests->kubernetes<33.0.0,>=32.0.1->ai-dynamo==1.6.0.dev20261004) (3.5.1)
Downloading aisimulate-0.13.0.dev202609300000000061-cp311-abi3-manylinux_2_28_aarch64.whl (109.0 MB)
Collecting PyYAML==6.0.3
   ━━━━━━━━━━━━━━━━━━━━━━━━━━━━━━━━━━━━━━━━ 109.0/109.0 MB 343.4 MB/s  0:00:00
Downloading chex-0.1.87-py3-none-any.whl (99 kB)
Downloading flax-0.10.0-py3-none-any.whl (420 kB)
Downloading google_vizier-0.1.21-py3-none-any.whl (799 kB)
   ━━━━━━━━━━━━━━━━━━━━━━━━━━━━━━━━━━━━━━━━ 799.6/799.6 kB 617.7 MB/s  0:00:00
Downloading equinox-0.11.7-py3-none-any.whl (178 kB)
Downloading jax-0.4.38-py3-none-any.whl (2.2 MB)
  Downloading pyyaml-6.0.3-cp312-cp312-manylinux2014_aarch64.manylinux_2_17_aarch64.manylinux_2_28_aarch64.whl.metadata (2.4 kB)
   ━━━━━━━━━━━━━━━━━━━━━━━━━━━━━━━━━━━━━━━━ 2.2/2.2 MB 463.5 MB/s  0:00:00
Downloading pyyaml-6.0.3-cp312-cp312-manylinux2014_aarch64.manylinux_2_17_aarch64.manylinux_2_28_aarch64.whl (775 kB)
Downloading jaxlib-0.4.38-cp312-cp312-manylinux2014_aarch64.whl (93.3 MB)
   ━━━━━━━━━━━━━━━━━━━━━━━━━━━━━━━━━━━━━━━━ 775.1/775.1 kB 18.8 MB/s  0:00:00
Installing collected packages: PyYAML
Successfully installed PyYAML-6.0.3
WARNING: Running pip as the 'root' user can result in broken permissions and conflicting behaviour with the system package manager, possibly rendering your system unusable. It is recommended to use a virtual environment instead: https://pip.pypa.io/warnings/venv. Use the --root-user-action option if you know what you are doing and want to suppress this warning.
   ━━━━━━━━━━━━━━━━━━━━━━━━━━━━━━━━━━━━━━━━ 93.3/93.3 MB 367.4 MB/s  0:00:00
Downloading optax-0.2.4-py3-none-any.whl (319 kB)
Downloading tfp_nightly-0.26.0.dev20260626-py2.py3-none-any.whl (7.0 MB)
   ━━━━━━━━━━━━━━━━━━━━━━━━━━━━━━━━━━━━━━━━ 7.0/7.0 MB 375.0 MB/s  0:00:00
Downloading googleapis_common_protos-1.75.3-py3-none-any.whl (306 kB)
Downloading ijson-3.5.1-cp312-cp312-manylinux2014_aarch64.manylinux_2_17_aarch64.manylinux_2_28_aarch64.whl (149 kB)
Downloading kubernetes-32.0.1-py2.py3-none-any.whl (2.0 MB)
   ━━━━━━━━━━━━━━━━━━━━━━━━━━━━━━━━━━━━━━━━ 2.0/2.0 MB 252.7 MB/s  0:00:00
Downloading plotext-5.3.2-py3-none-any.whl (64 kB)
Downloading redis-8.1.0-py3-none-any.whl (560 kB)
   ━━━━━━━━━━━━━━━━━━━━━━━━━━━━━━━━━━━━━━━━ 560.6/560.6 kB 650.4 MB/s  0:00:00
Downloading typeguard-2.13.3-py3-none-any.whl (17 kB)
Downloading zstandard-0.25.0-cp312-cp312-manylinux2014_aarch64.manylinux_2_17_aarch64.whl (5.1 MB)
   ━━━━━━━━━━━━━━━━━━━━━━━━━━━━━━━━━━━━━━━━ 5.1/5.1 MB 242.4 MB/s  0:00:00
Downloading durationpy-0.11-py3-none-any.whl (4.1 kB)
Downloading jaxopt-0.8.5-py3-none-any.whl (172 kB)
Downloading jaxtyping-0.3.11-py3-none-any.whl (56 kB)
Downloading msgspec-0.22.0-cp312-cp312-manylinux2014_aarch64.manylinux_2_17_aarch64.manylinux_2_28_aarch64.whl (224 kB)
Downloading munch-4.0.0-py2.py3-none-any.whl (9.9 kB)
Downloading oauthlib-4.0.0-py3-none-any.whl (159 kB)
Downloading portpicker-1.6.0-py3-none-any.whl (16 kB)
Downloading prettytable-3.18.0-py3-none-any.whl (37 kB)
Downloading sqlalchemy-2.1.3-cp312-cp312-manylinux2014_aarch64.manylinux_2_17_aarch64.manylinux_2_28_aarch64.whl (4.7 MB)
   ━━━━━━━━━━━━━━━━━━━━━━━━━━━━━━━━━━━━━━━━ 4.7/4.7 MB 341.1 MB/s  0:00:00
Downloading toolz-1.2.0-py3-none-any.whl (60 kB)
Downloading wadler_lindig-0.1.7-py3-none-any.whl (20 kB)
Downloading bokeh-3.10.0-py3-none-any.whl (6.6 MB)
   ━━━━━━━━━━━━━━━━━━━━━━━━━━━━━━━━━━━━━━━━ 6.6/6.6 MB 435.0 MB/s  0:00:00
Downloading xyzservices-2026.9.1-py3-none-any.whl (98 kB)
Downloading dm_tree-0.1.10-cp312-cp312-manylinux_2_24_aarch64.manylinux_2_28_aarch64.whl (184 kB)
Downloading wrapt-2.5.0-cp312-cp312-manylinux2014_aarch64.manylinux_2_17_aarch64.manylinux_2_28_aarch64.whl (250 kB)
Downloading etils-1.14.0-py3-none-any.whl (172 kB)
Downloading opt_einsum-3.4.0-py3-none-any.whl (71 kB)
Downloading orbax_checkpoint-0.11.5-py3-none-any.whl (342 kB)
Downloading simplejson-4.2.0-cp312-cp312-manylinux2014_aarch64.manylinux_2_17_aarch64.manylinux_2_28_aarch64.whl (196 kB)
Downloading tensorstore-0.1.85-cp312-cp312-manylinux_2_27_aarch64.manylinux_2_28_aarch64.whl (20.0 MB)
Processing /dynamo_wheels/ai_dynamo-1.6.0.dev20261004-py3-none-any.whl
Processing /dynamo_wheels/ai_dynamo_runtime-1.6.0.dev20261004-cp310-abi3-manylinux_2_28_aarch64.whl
   ━━━━━━━━━━━━━━━━━━━━━━━━━━━━━━━━━━━━━━━━ 20.0/20.0 MB 351.0 MB/s  0:00:00
Downloading nest_asyncio-1.6.0-py3-none-any.whl (5.2 kB)
Downloading requests_oauthlib-2.0.0-py2.py3-none-any.whl (24 kB)
Requirement already satisfied: aiohttp<4.0,>=3.14.3 in /usr/local/lib/python3.12/dist-packages (from ai-dynamo==1.6.0.dev20261004) (3.14.3)
Collecting aisimulate==0.13.0.dev202609300000000061 (from ai-dynamo==1.6.0.dev20261004)
  Downloading aisimulate-0.13.0.dev202609300000000061-cp311-abi3-manylinux_2_28_aarch64.whl.metadata (8.0 kB)
Collecting kubernetes<33.0.0,>=32.0.1 (from ai-dynamo==1.6.0.dev20261004)
  Downloading kubernetes-32.0.1-py2.py3-none-any.whl.metadata (1.7 kB)
Collecting msgspec>=0.19.0 (from ai-dynamo==1.6.0.dev20261004)
  Downloading msgspec-0.22.0-cp312-cp312-manylinux2014_aarch64.manylinux_2_17_aarch64.manylinux_2_28_aarch64.whl.metadata (6.0 kB)
Requirement already satisfied: prometheus-client<1.0,>=0.23.1 in /usr/local/lib/python3.12/dist-packages (from ai-dynamo==1.6.0.dev20261004) (0.26.0)
Requirement already satisfied: pyzmq>=26.0.0 in /usr/local/lib/python3.12/dist-packages (from ai-dynamo==1.6.0.dev20261004) (27.2.0)
Collecting redis<9.0.0,>=6.2.0 (from ai-dynamo==1.6.0.dev20261004)
  Downloading redis-8.1.0-py3-none-any.whl.metadata (16 kB)
Requirement already satisfied: tqdm>=4.0.0 in /usr/local/lib/python3.12/dist-packages (from ai-dynamo==1.6.0.dev20261004) (4.70.0)
Requirement already satisfied: transformers>=4.56.0 in /usr/local/lib/python3.12/dist-packages (from ai-dynamo==1.6.0.dev20261004) (5.5.4)
Requirement already satisfied: typing-extensions>=4.10.0 in /usr/local/lib/python3.12/dist-packages (from ai-dynamo==1.6.0.dev20261004) (4.16.0)
Collecting zstandard<1.0,>=0.23.0 (from ai-dynamo==1.6.0.dev20261004)
  Downloading zstandard-0.25.0-cp312-cp312-manylinux2014_aarch64.manylinux_2_17_aarch64.whl.metadata (3.3 kB)
Requirement already satisfied: pydantic<=2.13.5,>=2.10.6 in /usr/local/lib/python3.12/dist-packages (from ai-dynamo-runtime==1.6.0.dev20261004) (2.13.4)
Requirement already satisfied: uvloop>=0.21.0 in /usr/local/lib/python3.12/dist-packages (from ai-dynamo-runtime==1.6.0.dev20261004) (0.23.0)
Collecting chex==0.1.87 (from aisimulate==0.13.0.dev202609300000000061->ai-dynamo==1.6.0.dev20261004)
  Downloading chex-0.1.87-py3-none-any.whl.metadata (17 kB)
Installing collected packages: durationpy, zstandard, xyzservices, wrapt, wadler-lindig, typeguard, toolz, sqlalchemy, simplejson, redis, prettytable, portpicker, plotext, opt_einsum, oauthlib, nest_asyncio, munch, msgspec, ijson, googleapis-common-protos, etils, tensorstore, requests-oauthlib, jaxtyping, jaxlib, dm-tree, bokeh, tfp-nightly, jax, google-vizier, ai-dynamo-runtime, orbax-checkpoint, kubernetes, jaxopt, equinox, chex, optax, flax, aisimulate, ai-dynamo
Collecting flax==0.10.0 (from aisimulate==0.13.0.dev202609300000000061->ai-dynamo==1.6.0.dev20261004)
  Downloading flax-0.10.0-py3-none-any.whl.metadata (11 kB)
  Attempting uninstall: typeguard
    Found existing installation: typeguard 4.6.0
    Uninstalling typeguard-4.6.0:
      Successfully uninstalled typeguard-4.6.0
Collecting google-vizier==0.1.21 (from google-vizier[jax]==0.1.21->aisimulate==0.13.0.dev202609300000000061->ai-dynamo==1.6.0.dev20261004)
  Downloading google_vizier-0.1.21-py3-none-any.whl.metadata (11 kB)
Collecting googleapis-common-protos<1.75.4 (from aisimulate==0.13.0.dev202609300000000061->ai-dynamo==1.6.0.dev20261004)
  Downloading googleapis_common_protos-1.75.3-py3-none-any.whl.metadata (8.5 kB)
Requirement already satisfied: jinja2>=3.1.0 in /usr/local/lib/python3.12/dist-packages (from aisimulate==0.13.0.dev202609300000000061->ai-dynamo==1.6.0.dev20261004) (3.1.6)
Collecting jax==0.4.38 (from aisimulate==0.13.0.dev202609300000000061->ai-dynamo==1.6.0.dev20261004)
  Downloading jax-0.4.38-py3-none-any.whl.metadata (22 kB)
Collecting jaxlib==0.4.38 (from aisimulate==0.13.0.dev202609300000000061->ai-dynamo==1.6.0.dev20261004)
  Downloading jaxlib-0.4.38-cp312-cp312-manylinux2014_aarch64.whl.metadata (1.0 kB)
Requirement already satisfied: packaging>=20.0 in /usr/local/lib/python3.12/dist-packages (from aisimulate==0.13.0.dev202609300000000061->ai-dynamo==1.6.0.dev20261004) (26.2)
Requirement already satisfied: matplotlib>=3.9.4 in /usr/local/lib/python3.12/dist-packages (from aisimulate==0.13.0.dev202609300000000061->ai-dynamo==1.6.0.dev20261004) (3.11.1)
Requirement already satisfied: numpy<3,>=2.1 in /usr/local/lib/python3.12/dist-packages (from aisimulate==0.13.0.dev202609300000000061->ai-dynamo==1.6.0.dev20261004) (2.1.0)
Requirement already satisfied: pandas>=2.2.3 in /usr/local/lib/python3.12/dist-packages (from aisimulate==0.13.0.dev202609300000000061->ai-dynamo==1.6.0.dev20261004) (3.0.5)
Collecting plotext<6,>=5.3.2 (from aisimulate==0.13.0.dev202609300000000061->ai-dynamo==1.6.0.dev20261004)
  Downloading plotext-5.3.2-py3-none-any.whl.metadata (5.5 kB)
Requirement already satisfied: plotly>=6.0.1 in /usr/local/lib/python3.12/dist-packages (from aisimulate==0.13.0.dev202609300000000061->ai-dynamo==1.6.0.dev20261004) (7.1.0)
Collecting prettytable>=3.16.0 (from aisimulate==0.13.0.dev202609300000000061->ai-dynamo==1.6.0.dev20261004)
  Downloading prettytable-3.18.0-py3-none-any.whl.metadata (37 kB)
Requirement already satisfied: psutil<8,>=7.0 in /usr/local/lib/python3.12/dist-packages (from aisimulate==0.13.0.dev202609300000000061->ai-dynamo==1.6.0.dev20261004) (7.2.2)
Collecting ijson<4,>=3.4 (from aisimulate==0.13.0.dev202609300000000061->ai-dynamo==1.6.0.dev20261004)
  Downloading ijson-3.5.1-cp312-cp312-manylinux2014_aarch64.manylinux_2_17_aarch64.manylinux_2_28_aarch64.whl.metadata (23 kB)
Requirement already satisfied: pyarrow>=15.0.0 in /usr/local/lib/python3.12/dist-packages (from aisimulate==0.13.0.dev202609300000000061->ai-dynamo==1.6.0.dev20261004) (25.0.1)
Requirement already satisfied: pyyaml>=6.0 in /usr/local/lib/python3.12/dist-packages (from aisimulate==0.13.0.dev202609300000000061->ai-dynamo==1.6.0.dev20261004) (6.0.3)
Requirement already satisfied: scipy>=1.13.1 in /usr/local/lib/python3.12/dist-packages (from aisimulate==0.13.0.dev202609300000000061->ai-dynamo==1.6.0.dev20261004) (1.18.1)
Collecting bokeh (from aisimulate==0.13.0.dev202609300000000061->ai-dynamo==1.6.0.dev20261004)
  Downloading bokeh-3.10.0-py3-none-any.whl.metadata (11 kB)
Requirement already satisfied: nvidia-ml-py in /usr/local/lib/python3.12/dist-packages (from aisimulate==0.13.0.dev202609300000000061->ai-dynamo==1.6.0.dev20261004) (13.610.43)
Collecting munch>=4.0.0 (from aisimulate==0.13.0.dev202609300000000061->ai-dynamo==1.6.0.dev20261004)
  Downloading munch-4.0.0-py2.py3-none-any.whl.metadata (5.9 kB)
Collecting optax==0.2.4 (from aisimulate==0.13.0.dev202609300000000061->ai-dynamo==1.6.0.dev20261004)
  Downloading optax-0.2.4-py3-none-any.whl.metadata (8.3 kB)
Collecting tfp-nightly==0.26.0.dev20260626 (from tfp-nightly[jax]==0.26.0.dev20260626->aisimulate==0.13.0.dev202609300000000061->ai-dynamo==1.6.0.dev20261004)
  Downloading tfp_nightly-0.26.0.dev20260626-py2.py3-none-any.whl.metadata (13 kB)
Requirement already satisfied: absl-py>=0.9.0 in /usr/local/lib/python3.12/dist-packages (from chex==0.1.87->aisimulate==0.13.0.dev202609300000000061->ai-dynamo==1.6.0.dev20261004) (2.5.0)
Collecting toolz>=0.9.0 (from chex==0.1.87->aisimulate==0.13.0.dev202609300000000061->ai-dynamo==1.6.0.dev20261004)
  Downloading toolz-1.2.0-py3-none-any.whl.metadata (5.2 kB)
Requirement already satisfied: setuptools in /usr/local/lib/python3.12/dist-packages (from chex==0.1.87->aisimulate==0.13.0.dev202609300000000061->ai-dynamo==1.6.0.dev20261004) (81.0.0)
Requirement already satisfied: msgpack in /usr/local/lib/python3.12/dist-packages (from flax==0.10.0->aisimulate==0.13.0.dev202609300000000061->ai-dynamo==1.6.0.dev20261004) (1.2.3)
Collecting orbax-checkpoint (from flax==0.10.0->aisimulate==0.13.0.dev202609300000000061->ai-dynamo==1.6.0.dev20261004)
  Downloading orbax_checkpoint-0.12.7-py3-none-any.whl.metadata (3.3 kB)
Collecting tensorstore (from flax==0.10.0->aisimulate==0.13.0.dev202609300000000061->ai-dynamo==1.6.0.dev20261004)
  Downloading tensorstore-0.1.85-cp312-cp312-manylinux_2_27_aarch64.manylinux_2_28_aarch64.whl.metadata (3.3 kB)
Requirement already satisfied: rich>=11.1 in /usr/local/lib/python3.12/dist-packages (from flax==0.10.0->aisimulate==0.13.0.dev202609300000000061->ai-dynamo==1.6.0.dev20261004) (15.0.0)
Requirement already satisfied: attrs>=23.1.0 in /usr/local/lib/python3.12/dist-packages (from google-vizier==0.1.21->google-vizier[jax]==0.1.21->aisimulate==0.13.0.dev202609300000000061->ai-dynamo==1.6.0.dev20261004) (26.1.0)
Requirement already satisfied: protobuf>=3.6 in /usr/local/lib/python3.12/dist-packages (from google-vizier==0.1.21->google-vizier[jax]==0.1.21->aisimulate==0.13.0.dev202609300000000061->ai-dynamo==1.6.0.dev20261004) (6.33.6)
Collecting portpicker>=1.3.1 (from google-vizier==0.1.21->google-vizier[jax]==0.1.21->aisimulate==0.13.0.dev202609300000000061->ai-dynamo==1.6.0.dev20261004)
  Downloading portpicker-1.6.0-py3-none-any.whl.metadata (1.5 kB)
Requirement already satisfied: grpcio>=1.35.0 in /usr/local/lib/python3.12/dist-packages (from google-vizier==0.1.21->google-vizier[jax]==0.1.21->aisimulate==0.13.0.dev202609300000000061->ai-dynamo==1.6.0.dev20261004) (1.83.0)
Requirement already satisfied: grpcio-tools>=1.35.0 in /usr/local/lib/python3.12/dist-packages (from google-vizier==0.1.21->google-vizier[jax]==0.1.21->aisimulate==0.13.0.dev202609300000000061->ai-dynamo==1.6.0.dev20261004) (1.81.1)
Collecting sqlalchemy>=1.4 (from google-vizier==0.1.21->google-vizier[jax]==0.1.21->aisimulate==0.13.0.dev202609300000000061->ai-dynamo==1.6.0.dev20261004)
  Downloading sqlalchemy-2.1.3-cp312-cp312-manylinux2014_aarch64.manylinux_2_17_aarch64.manylinux_2_28_aarch64.whl.metadata (9.7 kB)
Collecting jaxopt>=0.8.3 (from google-vizier[jax]==0.1.21->aisimulate==0.13.0.dev202609300000000061->ai-dynamo==1.6.0.dev20261004)
  Downloading jaxopt-0.8.5-py3-none-any.whl.metadata (3.3 kB)
Collecting equinox==0.11.7 (from google-vizier[jax]==0.1.21->aisimulate==0.13.0.dev202609300000000061->ai-dynamo==1.6.0.dev20261004)
  Downloading equinox-0.11.7-py3-none-any.whl.metadata (18 kB)
Collecting jaxtyping>=0.2.34 (from google-vizier[jax]==0.1.21->aisimulate==0.13.0.dev202609300000000061->ai-dynamo==1.6.0.dev20261004)
  Downloading jaxtyping-0.3.11-py3-none-any.whl.metadata (6.2 kB)
Collecting typeguard<=2.13.3 (from google-vizier[jax]==0.1.21->aisimulate==0.13.0.dev202609300000000061->ai-dynamo==1.6.0.dev20261004)
  Downloading typeguard-2.13.3-py3-none-any.whl.metadata (3.6 kB)
Requirement already satisfied: ml_dtypes>=0.4.0 in /usr/local/lib/python3.12/dist-packages (from jax==0.4.38->aisimulate==0.13.0.dev202609300000000061->ai-dynamo==1.6.0.dev20261004) (0.6.0)
Collecting opt_einsum (from jax==0.4.38->aisimulate==0.13.0.dev202609300000000061->ai-dynamo==1.6.0.dev20261004)
  Downloading opt_einsum-3.4.0-py3-none-any.whl.metadata (6.3 kB)
Collecting etils[epy] (from optax==0.2.4->aisimulate==0.13.0.dev202609300000000061->ai-dynamo==1.6.0.dev20261004)
  Downloading etils-1.14.0-py3-none-any.whl.metadata (6.5 kB)
Requirement already satisfied: six>=1.10.0 in /usr/local/lib/python3.12/dist-packages (from tfp-nightly==0.26.0.dev20260626->tfp-nightly[jax]==0.26.0.dev20260626->aisimulate==0.13.0.dev202609300000000061->ai-dynamo==1.6.0.dev20261004) (1.16.0)
Requirement already satisfied: decorator in /usr/local/lib/python3.12/dist-packages (from tfp-nightly==0.26.0.dev20260626->tfp-nightly[jax]==0.26.0.dev20260626->aisimulate==0.13.0.dev202609300000000061->ai-dynamo==1.6.0.dev20261004) (5.3.1)
Requirement already satisfied: cloudpickle>=1.3 in /usr/local/lib/python3.12/dist-packages (from tfp-nightly==0.26.0.dev20260626->tfp-nightly[jax]==0.26.0.dev20260626->aisimulate==0.13.0.dev202609300000000061->ai-dynamo==1.6.0.dev20261004) (3.1.2)
Requirement already satisfied: gast>=0.3.2 in /usr/local/lib/python3.12/dist-packages (from tfp-nightly==0.26.0.dev20260626->tfp-nightly[jax]==0.26.0.dev20260626->aisimulate==0.13.0.dev202609300000000061->ai-dynamo==1.6.0.dev20261004) (0.7.0)
Collecting dm-tree (from tfp-nightly==0.26.0.dev20260626->tfp-nightly[jax]==0.26.0.dev20260626->aisimulate==0.13.0.dev202609300000000061->ai-dynamo==1.6.0.dev20261004)
  Downloading dm_tree-0.1.10-cp312-cp312-manylinux_2_24_aarch64.manylinux_2_28_aarch64.whl.metadata (2.6 kB)
Requirement already satisfied: aiohappyeyeballs>=2.5.0 in /usr/local/lib/python3.12/dist-packages (from aiohttp<4.0,>=3.14.3->ai-dynamo==1.6.0.dev20261004) (2.7.1)
Requirement already satisfied: aiosignal>=1.4.0 in /usr/local/lib/python3.12/dist-packages (from aiohttp<4.0,>=3.14.3->ai-dynamo==1.6.0.dev20261004) (1.4.0)
Requirement already satisfied: frozenlist>=1.1.1 in /usr/local/lib/python3.12/dist-packages (from aiohttp<4.0,>=3.14.3->ai-dynamo==1.6.0.dev20261004) (1.8.0)
Requirement already satisfied: multidict<7.0,>=4.5 in /usr/local/lib/python3.12/dist-packages (from aiohttp<4.0,>=3.14.3->ai-dynamo==1.6.0.dev20261004) (6.7.1)
Requirement already satisfied: propcache>=0.2.0 in /usr/local/lib/python3.12/dist-packages (from aiohttp<4.0,>=3.14.3->ai-dynamo==1.6.0.dev20261004) (0.5.2)
Requirement already satisfied: yarl<2.0,>=1.17.0 in /usr/local/lib/python3.12/dist-packages (from aiohttp<4.0,>=3.14.3->ai-dynamo==1.6.0.dev20261004) (1.24.5)
Requirement already satisfied: certifi>=14.05.14 in /usr/local/lib/python3.12/dist-packages (from kubernetes<33.0.0,>=32.0.1->ai-dynamo==1.6.0.dev20261004) (2026.7.22)
Requirement already satisfied: python-dateutil>=2.5.3 in /usr/local/lib/python3.12/dist-packages (from kubernetes<33.0.0,>=32.0.1->ai-dynamo==1.6.0.dev20261004) (2.9.0.post0)
Requirement already satisfied: google-auth>=1.0.1 in /usr/local/lib/python3.12/dist-packages (from kubernetes<33.0.0,>=32.0.1->ai-dynamo==1.6.0.dev20261004) (2.59.1)
Requirement already satisfied: websocket-client!=0.40.0,!=0.41.*,!=0.42.*,>=0.32.0 in /usr/local/lib/python3.12/dist-packages (from kubernetes<33.0.0,>=32.0.1->ai-dynamo==1.6.0.dev20261004) (1.9.0)
Requirement already satisfied: requests in /usr/local/lib/python3.12/dist-packages (from kubernetes<33.0.0,>=32.0.1->ai-dynamo==1.6.0.dev20261004) (2.34.2)
Collecting requests-oauthlib (from kubernetes<33.0.0,>=32.0.1->ai-dynamo==1.6.0.dev20261004)
  Downloading requests_oauthlib-2.0.0-py2.py3-none-any.whl.metadata (11 kB)
Collecting oauthlib>=3.2.2 (from kubernetes<33.0.0,>=32.0.1->ai-dynamo==1.6.0.dev20261004)
  Downloading oauthlib-4.0.0-py3-none-any.whl.metadata (8.6 kB)
Requirement already satisfied: urllib3>=1.24.2 in /usr/local/lib/python3.12/dist-packages (from kubernetes<33.0.0,>=32.0.1->ai-dynamo==1.6.0.dev20261004) (2.7.0)
Collecting durationpy>=0.7 (from kubernetes<33.0.0,>=32.0.1->ai-dynamo==1.6.0.dev20261004)
  Downloading durationpy-0.11-py3-none-any.whl.metadata (474 bytes)
Requirement already satisfied: annotated-types>=0.6.0 in /usr/local/lib/python3.12/dist-packages (from pydantic<=2.13.5,>=2.10.6->ai-dynamo-runtime==1.6.0.dev20261004) (0.8.0)
Requirement already satisfied: pydantic-core==2.46.4 in /usr/local/lib/python3.12/dist-packages (from pydantic<=2.13.5,>=2.10.6->ai-dynamo-runtime==1.6.0.dev20261004) (2.46.4)
Requirement already satisfied: typing-inspection>=0.4.2 in /usr/local/lib/python3.12/dist-packages (from pydantic<=2.13.5,>=2.10.6->ai-dynamo-runtime==1.6.0.dev20261004) (0.4.4)
Requirement already satisfied: idna>=2.0 in /usr/local/lib/python3.12/dist-packages (from yarl<2.0,>=1.17.0->aiohttp<4.0,>=3.14.3->ai-dynamo==1.6.0.dev20261004) (3.19)
Requirement already satisfied: pyasn1-modules>=0.2.1 in /usr/local/lib/python3.12/dist-packages (from google-auth>=1.0.1->kubernetes<33.0.0,>=32.0.1->ai-dynamo==1.6.0.dev20261004) (0.4.2)
Requirement already satisfied: cryptography>=38.0.3 in /usr/local/lib/python3.12/dist-packages (from google-auth>=1.0.1->kubernetes<33.0.0,>=32.0.1->ai-dynamo==1.6.0.dev20261004) (50.0.2)
Requirement already satisfied: cffi>=2.0.0 in /usr/local/lib/python3.12/dist-packages (from cryptography>=38.0.3->google-auth>=1.0.1->kubernetes<33.0.0,>=32.0.1->ai-dynamo==1.6.0.dev20261004) (2.1.1)
Requirement already satisfied: pycparser in /usr/local/lib/python3.12/dist-packages (from cffi>=2.0.0->cryptography>=38.0.3->google-auth>=1.0.1->kubernetes<33.0.0,>=32.0.1->ai-dynamo==1.6.0.dev20261004) (3.0)
Collecting wadler-lindig>=0.1.3 (from jaxtyping>=0.2.34->google-vizier[jax]==0.1.21->aisimulate==0.13.0.dev202609300000000061->ai-dynamo==1.6.0.dev20261004)
  Downloading wadler_lindig-0.1.7-py3-none-any.whl.metadata (17 kB)
Requirement already satisfied: MarkupSafe>=2.0 in /usr/local/lib/python3.12/dist-packages (from jinja2>=3.1.0->aisimulate==0.13.0.dev202609300000000061->ai-dynamo==1.6.0.dev20261004) (3.0.3)
Requirement already satisfied: contourpy>=1.0.1 in /usr/local/lib/python3.12/dist-packages (from matplotlib>=3.9.4->aisimulate==0.13.0.dev202609300000000061->ai-dynamo==1.6.0.dev20261004) (1.3.3)
Requirement already satisfied: cycler>=0.10 in /usr/local/lib/python3.12/dist-packages (from matplotlib>=3.9.4->aisimulate==0.13.0.dev202609300000000061->ai-dynamo==1.6.0.dev20261004) (0.12.1)
Requirement already satisfied: fonttools>=4.28.2 in /usr/local/lib/python3.12/dist-packages (from matplotlib>=3.9.4->aisimulate==0.13.0.dev202609300000000061->ai-dynamo==1.6.0.dev20261004) (4.63.0)
Requirement already satisfied: kiwisolver>=1.3.1 in /usr/local/lib/python3.12/dist-packages (from matplotlib>=3.9.4->aisimulate==0.13.0.dev202609300000000061->ai-dynamo==1.6.0.dev20261004) (1.5.0)
Requirement already satisfied: pillow>=9 in /usr/local/lib/python3.12/dist-packages (from matplotlib>=3.9.4->aisimulate==0.13.0.dev202609300000000061->ai-dynamo==1.6.0.dev20261004) (12.3.0)
Requirement already satisfied: pyparsing>=3 in /usr/local/lib/python3.12/dist-packages (from matplotlib>=3.9.4->aisimulate==0.13.0.dev202609300000000061->ai-dynamo==1.6.0.dev20261004) (3.3.2)
Requirement already satisfied: narwhals>=1.15.1 in /usr/local/lib/python3.12/dist-packages (from plotly>=6.0.1->aisimulate==0.13.0.dev202609300000000061->ai-dynamo==1.6.0.dev20261004) (2.26.0)
Requirement already satisfied: wcwidth>=0.3.5 in /usr/local/lib/python3.12/dist-packages (from prettytable>=3.16.0->aisimulate==0.13.0.dev202609300000000061->ai-dynamo==1.6.0.dev20261004) (0.8.2)
Requirement already satisfied: pyasn1<0.7.0,>=0.6.1 in /usr/local/lib/python3.12/dist-packages (from pyasn1-modules>=0.2.1->google-auth>=1.0.1->kubernetes<33.0.0,>=32.0.1->ai-dynamo==1.6.0.dev20261004) (0.6.4)
Requirement already satisfied: markdown-it-py>=2.2.0 in /usr/local/lib/python3.12/dist-packages (from rich>=11.1->flax==0.10.0->aisimulate==0.13.0.dev202609300000000061->ai-dynamo==1.6.0.dev20261004) (4.2.0)
Requirement already satisfied: pygments<3.0.0,>=2.13.0 in /usr/local/lib/python3.12/dist-packages (from rich>=11.1->flax==0.10.0->aisimulate==0.13.0.dev202609300000000061->ai-dynamo==1.6.0.dev20261004) (2.21.0)
Requirement already satisfied: mdurl~=0.1 in /usr/local/lib/python3.12/dist-packages (from markdown-it-py>=2.2.0->rich>=11.1->flax==0.10.0->aisimulate==0.13.0.dev202609300000000061->ai-dynamo==1.6.0.dev20261004) (0.1.2)
Requirement already satisfied: huggingface-hub<2.0,>=1.5.0 in /usr/local/lib/python3.12/dist-packages (from transformers>=4.56.0->ai-dynamo==1.6.0.dev20261004) (1.16.1)
Requirement already satisfied: regex>=2025.10.22 in /usr/local/lib/python3.12/dist-packages (from transformers>=4.56.0->ai-dynamo==1.6.0.dev20261004) (2026.7.19)
Requirement already satisfied: tokenizers<=0.23.0,>=0.22.0 in /usr/local/lib/python3.12/dist-packages (from transformers>=4.56.0->ai-dynamo==1.6.0.dev20261004) (0.22.2)
Requirement already satisfied: typer in /usr/local/lib/python3.12/dist-packages (from transformers>=4.56.0->ai-dynamo==1.6.0.dev20261004) (0.27.2)
Requirement already satisfied: safetensors>=0.4.3 in /usr/local/lib/python3.12/dist-packages (from transformers>=4.56.0->ai-dynamo==1.6.0.dev20261004) (0.8.0)
Requirement already satisfied: filelock>=3.10.0 in /usr/local/lib/python3.12/dist-packages (from huggingface-hub<2.0,>=1.5.0->transformers>=4.56.0->ai-dynamo==1.6.0.dev20261004) (3.32.3)
Requirement already satisfied: fsspec>=2023.5.0 in /usr/local/lib/python3.12/dist-packages (from huggingface-hub<2.0,>=1.5.0->transformers>=4.56.0->ai-dynamo==1.6.0.dev20261004) (2024.9.0)
Requirement already satisfied: hf-xet<2.0.0,>=1.4.3 in /usr/local/lib/python3.12/dist-packages (from huggingface-hub<2.0,>=1.5.0->transformers>=4.56.0->ai-dynamo==1.6.0.dev20261004) (1.6.0)
Requirement already satisfied: httpx<1,>=0.23.0 in /usr/local/lib/python3.12/dist-packages (from huggingface-hub<2.0,>=1.5.0->transformers>=4.56.0->ai-dynamo==1.6.0.dev20261004) (0.28.1)
Requirement already satisfied: anyio in /usr/local/lib/python3.12/dist-packages (from httpx<1,>=0.23.0->huggingface-hub<2.0,>=1.5.0->transformers>=4.56.0->ai-dynamo==1.6.0.dev20261004) (4.14.2)
Requirement already satisfied: httpcore==1.* in /usr/local/lib/python3.12/dist-packages (from httpx<1,>=0.23.0->huggingface-hub<2.0,>=1.5.0->transformers>=4.56.0->ai-dynamo==1.6.0.dev20261004) (1.0.9)
Requirement already satisfied: h11>=0.16 in /usr/local/lib/python3.12/dist-packages (from httpcore==1.*->httpx<1,>=0.23.0->huggingface-hub<2.0,>=1.5.0->transformers>=4.56.0->ai-dynamo==1.6.0.dev20261004) (0.16.0)
Requirement already satisfied: shellingham>=1.3.0 in /usr/local/lib/python3.12/dist-packages (from typer->transformers>=4.56.0->ai-dynamo==1.6.0.dev20261004) (1.5.4)
Requirement already satisfied: annotated-doc>=0.0.2 in /usr/local/lib/python3.12/dist-packages (from typer->transformers>=4.56.0->ai-dynamo==1.6.0.dev20261004) (0.0.5)
Requirement already satisfied: tornado>=6.2 in /usr/local/lib/python3.12/dist-packages (from bokeh->aisimulate==0.13.0.dev202609300000000061->ai-dynamo==1.6.0.dev20261004) (6.5.8)
Collecting xyzservices>=2021.09.1 (from bokeh->aisimulate==0.13.0.dev202609300000000061->ai-dynamo==1.6.0.dev20261004)
  Downloading xyzservices-2026.9.1-py3-none-any.whl.metadata (4.1 kB)
Collecting wrapt>=1.11.2 (from dm-tree->tfp-nightly==0.26.0.dev20260626->tfp-nightly[jax]==0.26.0.dev20260626->aisimulate==0.13.0.dev202609300000000061->ai-dynamo==1.6.0.dev20261004)
  Downloading wrapt-2.5.0-cp312-cp312-manylinux2014_aarch64.manylinux_2_17_aarch64.manylinux_2_28_aarch64.whl.metadata (7.6 kB)
INFO: pip is looking at multiple versions of orbax-checkpoint to determine which version is compatible with other requirements. This could take a while.
Collecting orbax-checkpoint (from flax==0.10.0->aisimulate==0.13.0.dev202609300000000061->ai-dynamo==1.6.0.dev20261004)
  Downloading orbax_checkpoint-0.12.6-py3-none-any.whl.metadata (3.3 kB)
  Downloading orbax_checkpoint-0.12.5-py3-none-any.whl.metadata (3.3 kB)
  Downloading orbax_checkpoint-0.12.4-py3-none-any.whl.metadata (3.3 kB)
  Downloading orbax_checkpoint-0.12.3-py3-none-any.whl.metadata (3.3 kB)
  Downloading orbax_checkpoint-0.12.2-py3-none-any.whl.metadata (3.3 kB)
  Downloading orbax_checkpoint-0.12.1-py3-none-any.whl.metadata (3.3 kB)
  Downloading orbax_checkpoint-0.12.0-py3-none-any.whl.metadata (3.3 kB)
INFO: pip is still looking at multiple versions of orbax-checkpoint to determine which version is compatible with other requirements. This could take a while.
  Downloading orbax_checkpoint-0.11.40-py3-none-any.whl.metadata (3.1 kB)
  Downloading orbax_checkpoint-0.11.39-py3-none-any.whl.metadata (2.8 kB)
  Downloading orbax_checkpoint-0.11.38-py3-none-any.whl.metadata (2.8 kB)
  Downloading orbax_checkpoint-0.11.37-py3-none-any.whl.metadata (2.8 kB)
  Downloading orbax_checkpoint-0.11.36-py3-none-any.whl.metadata (2.7 kB)
INFO: This is taking longer than usual. You might need to provide the dependency resolver with stricter constraints to reduce runtime. See https://pip.pypa.io/warnings/backtracking for guidance. If you want to abort this run, press Ctrl + C.
  Downloading orbax_checkpoint-0.11.35-py3-none-any.whl.metadata (2.7 kB)
  Downloading orbax_checkpoint-0.11.34-py3-none-any.whl.metadata (2.7 kB)
  Downloading orbax_checkpoint-0.11.33-py3-none-any.whl.metadata (2.7 kB)
  Downloading orbax_checkpoint-0.11.32-py3-none-any.whl.metadata (2.5 kB)
  Downloading orbax_checkpoint-0.11.31-py3-none-any.whl.metadata (2.5 kB)
  Downloading orbax_checkpoint-0.11.30-py3-none-any.whl.metadata (2.5 kB)
  Downloading orbax_checkpoint-0.11.28-py3-none-any.whl.metadata (2.4 kB)
  Downloading orbax_checkpoint-0.11.27-py3-none-any.whl.metadata (2.4 kB)
  Downloading orbax_checkpoint-0.11.26-py3-none-any.whl.metadata (2.4 kB)
  Downloading orbax_checkpoint-0.11.25-py3-none-any.whl.metadata (2.3 kB)
  Downloading orbax_checkpoint-0.11.24-py3-none-any.whl.metadata (2.3 kB)
  Downloading orbax_checkpoint-0.11.23-py3-none-any.whl.metadata (2.3 kB)
  Downloading orbax_checkpoint-0.11.22-py3-none-any.whl.metadata (2.3 kB)
  Downloading orbax_checkpoint-0.11.21-py3-none-any.whl.metadata (2.3 kB)
  Downloading orbax_checkpoint-0.11.20-py3-none-any.whl.metadata (2.3 kB)
  Downloading orbax_checkpoint-0.11.19-py3-none-any.whl.metadata (2.2 kB)
  Downloading orbax_checkpoint-0.11.18-py3-none-any.whl.metadata (2.2 kB)
  Downloading orbax_checkpoint-0.11.17-py3-none-any.whl.metadata (2.2 kB)
  Downloading orbax_checkpoint-0.11.16-py3-none-any.whl.metadata (2.0 kB)
  Downloading orbax_checkpoint-0.11.15-py3-none-any.whl.metadata (2.0 kB)
  Downloading orbax_checkpoint-0.11.14-py3-none-any.whl.metadata (2.0 kB)
  Downloading orbax_checkpoint-0.11.13-py3-none-any.whl.metadata (2.0 kB)
  Downloading orbax_checkpoint-0.11.12-py3-none-any.whl.metadata (2.0 kB)
  Downloading orbax_checkpoint-0.11.11-py3-none-any.whl.metadata (2.0 kB)
  Downloading orbax_checkpoint-0.11.10-py3-none-any.whl.metadata (2.0 kB)
  Downloading orbax_checkpoint-0.11.9-py3-none-any.whl.metadata (2.0 kB)
  Downloading orbax_checkpoint-0.11.8-py3-none-any.whl.metadata (2.0 kB)
  Downloading orbax_checkpoint-0.11.7-py3-none-any.whl.metadata (2.0 kB)
  Downloading orbax_checkpoint-0.11.6-py3-none-any.whl.metadata (1.9 kB)
  Downloading orbax_checkpoint-0.11.5-py3-none-any.whl.metadata (1.9 kB)
Collecting nest_asyncio (from orbax-checkpoint->flax==0.10.0->aisimulate==0.13.0.dev202609300000000061->ai-dynamo==1.6.0.dev20261004)
  Downloading nest_asyncio-1.6.0-py3-none-any.whl.metadata (2.8 kB)
Requirement already satisfied: humanize in /usr/local/lib/python3.12/dist-packages (from orbax-checkpoint->flax==0.10.0->aisimulate==0.13.0.dev202609300000000061->ai-dynamo==1.6.0.dev20261004) (4.16.0)
Collecting simplejson>=3.16.0 (from orbax-checkpoint->flax==0.10.0->aisimulate==0.13.0.dev202609300000000061->ai-dynamo==1.6.0.dev20261004)
  Downloading simplejson-4.2.0-cp312-cp312-manylinux2014_aarch64.manylinux_2_17_aarch64.manylinux_2_28_aarch64.whl.metadata (3.8 kB)
Requirement already satisfied: zipp in /usr/local/lib/python3.12/dist-packages (from etils[epy]->optax==0.2.4->aisimulate==0.13.0.dev202609300000000061->ai-dynamo==1.6.0.dev20261004) (4.1.0)
Requirement already satisfied: charset_normalizer<4,>=2 in /usr/local/lib/python3.12/dist-packages (from requests->kubernetes<33.0.0,>=32.0.1->ai-dynamo==1.6.0.dev20261004) (3.5.1)
Downloading aisimulate-0.13.0.dev202609300000000061-cp311-abi3-manylinux_2_28_aarch64.whl (109.0 MB)
  Attempting uninstall: googleapis-common-protos
    Found existing installation: googleapis-common-protos 1.75.5
    Uninstalling googleapis-common-protos-1.75.5:
      Successfully uninstalled googleapis-common-protos-1.75.5
   ━━━━━━━━━━━━━━━━━━━━━━━━━━━━━━━━━━━━━━━━ 109.0/109.0 MB 335.7 MB/s  0:00:00
Downloading chex-0.1.87-py3-none-any.whl (99 kB)
Downloading flax-0.10.0-py3-none-any.whl (420 kB)
Downloading google_vizier-0.1.21-py3-none-any.whl (799 kB)
   ━━━━━━━━━━━━━━━━━━━━━━━━━━━━━━━━━━━━━━━━ 799.6/799.6 kB 1.9 GB/s  0:00:00
Downloading equinox-0.11.7-py3-none-any.whl (178 kB)
Downloading jax-0.4.38-py3-none-any.whl (2.2 MB)
   ━━━━━━━━━━━━━━━━━━━━━━━━━━━━━━━━━━━━━━━━ 2.2/2.2 MB 467.5 MB/s  0:00:00
Downloading jaxlib-0.4.38-cp312-cp312-manylinux2014_aarch64.whl (93.3 MB)
   ━━━━━━━━━━━━━━━━━━━━━━━━━━━━━━━━━━━━━━━━ 93.3/93.3 MB 360.1 MB/s  0:00:00
Downloading optax-0.2.4-py3-none-any.whl (319 kB)
Downloading tfp_nightly-0.26.0.dev20260626-py2.py3-none-any.whl (7.0 MB)
   ━━━━━━━━━━━━━━━━━━━━━━━━━━━━━━━━━━━━━━━━ 7.0/7.0 MB 348.8 MB/s  0:00:00
Downloading googleapis_common_protos-1.75.3-py3-none-any.whl (306 kB)
Downloading ijson-3.5.1-cp312-cp312-manylinux2014_aarch64.manylinux_2_17_aarch64.manylinux_2_28_aarch64.whl (149 kB)
Downloading kubernetes-32.0.1-py2.py3-none-any.whl (2.0 MB)
   ━━━━━━━━━━━━━━━━━━━━━━━━━━━━━━━━━━━━━━━━ 2.0/2.0 MB 402.4 MB/s  0:00:00
Downloading plotext-5.3.2-py3-none-any.whl (64 kB)
Downloading redis-8.1.0-py3-none-any.whl (560 kB)
   ━━━━━━━━━━━━━━━━━━━━━━━━━━━━━━━━━━━━━━━━ 560.6/560.6 kB 287.9 MB/s  0:00:00
Downloading typeguard-2.13.3-py3-none-any.whl (17 kB)
Downloading zstandard-0.25.0-cp312-cp312-manylinux2014_aarch64.manylinux_2_17_aarch64.whl (5.1 MB)
   ━━━━━━━━━━━━━━━━━━━━━━━━━━━━━━━━━━━━━━━━ 5.1/5.1 MB 409.7 MB/s  0:00:00
Downloading durationpy-0.11-py3-none-any.whl (4.1 kB)
Downloading jaxopt-0.8.5-py3-none-any.whl (172 kB)
Downloading jaxtyping-0.3.11-py3-none-any.whl (56 kB)
Downloading msgspec-0.22.0-cp312-cp312-manylinux2014_aarch64.manylinux_2_17_aarch64.manylinux_2_28_aarch64.whl (224 kB)
Downloading munch-4.0.0-py2.py3-none-any.whl (9.9 kB)
Downloading oauthlib-4.0.0-py3-none-any.whl (159 kB)
Downloading portpicker-1.6.0-py3-none-any.whl (16 kB)
Downloading prettytable-3.18.0-py3-none-any.whl (37 kB)
Downloading sqlalchemy-2.1.3-cp312-cp312-manylinux2014_aarch64.manylinux_2_17_aarch64.manylinux_2_28_aarch64.whl (4.7 MB)
   ━━━━━━━━━━━━━━━━━━━━━━━━━━━━━━━━━━━━━━━━ 4.7/4.7 MB 346.0 MB/s  0:00:00
Downloading toolz-1.2.0-py3-none-any.whl (60 kB)
Downloading wadler_lindig-0.1.7-py3-none-any.whl (20 kB)
Downloading bokeh-3.10.0-py3-none-any.whl (6.6 MB)
   ━━━━━━━━━━━━━━━━━━━━━━━━━━━━━━━━━━━━━━━━ 6.6/6.6 MB 363.9 MB/s  0:00:00
Downloading xyzservices-2026.9.1-py3-none-any.whl (98 kB)
Downloading dm_tree-0.1.10-cp312-cp312-manylinux_2_24_aarch64.manylinux_2_28_aarch64.whl (184 kB)
Downloading wrapt-2.5.0-cp312-cp312-manylinux2014_aarch64.manylinux_2_17_aarch64.manylinux_2_28_aarch64.whl (250 kB)
Downloading etils-1.14.0-py3-none-any.whl (172 kB)
Downloading opt_einsum-3.4.0-py3-none-any.whl (71 kB)
Downloading orbax_checkpoint-0.11.5-py3-none-any.whl (342 kB)
Downloading simplejson-4.2.0-cp312-cp312-manylinux2014_aarch64.manylinux_2_17_aarch64.manylinux_2_28_aarch64.whl (196 kB)
Downloading tensorstore-0.1.85-cp312-cp312-manylinux_2_27_aarch64.manylinux_2_28_aarch64.whl (20.0 MB)
   ━━━━━━━━━━━━━━━━━━━━━━━━━━━━━━━━━━━━━━━━ 20.0/20.0 MB 333.1 MB/s  0:00:00
Downloading nest_asyncio-1.6.0-py3-none-any.whl (5.2 kB)
Downloading requests_oauthlib-2.0.0-py2.py3-none-any.whl (24 kB)
Installing collected packages: durationpy, zstandard, xyzservices, wrapt, wadler-lindig, typeguard, toolz, sqlalchemy, simplejson, redis, prettytable, portpicker, plotext, opt_einsum, oauthlib, nest_asyncio, munch, msgspec, ijson, googleapis-common-protos, etils, tensorstore, requests-oauthlib, jaxtyping, jaxlib, dm-tree, bokeh, tfp-nightly, jax, google-vizier, ai-dynamo-runtime, orbax-checkpoint, kubernetes, jaxopt, equinox, chex, optax, flax, aisimulate, ai-dynamo
  Attempting uninstall: typeguard
    Found existing installation: typeguard 4.6.0
    Uninstalling typeguard-4.6.0:
      Successfully uninstalled typeguard-4.6.0
  Attempting uninstall: googleapis-common-protos
    Found existing installation: googleapis-common-protos 1.75.5
    Uninstalling googleapis-common-protos-1.75.5:
      Successfully uninstalled googleapis-common-protos-1.75.5

ERROR: pip's dependency resolver does not currently take into account all the packages that are installed. This behaviour is the source of the following dependency conflicts.
tyro 1.0.15 requires typeguard>=4.0.0, but you have typeguard 2.13.3 which is incompatible.
Successfully installed ai-dynamo-1.6.0.dev20261004 ai-dynamo-runtime-1.6.0.dev20261004 aisimulate-0.13.0.dev202609300000000061 bokeh-3.10.0 chex-0.1.87 dm-tree-0.1.10 durationpy-0.11 equinox-0.11.7 etils-1.14.0 flax-0.10.0 google-vizier-0.1.21 googleapis-common-protos-1.75.3 ijson-3.5.1 jax-0.4.38 jaxlib-0.4.38 jaxopt-0.8.5 jaxtyping-0.3.11 kubernetes-32.0.1 msgspec-0.22.0 munch-4.0.0 nest_asyncio-1.6.0 oauthlib-4.0.0 opt_einsum-3.4.0 optax-0.2.4 orbax-checkpoint-0.11.5 plotext-5.3.2 portpicker-1.6.0 prettytable-3.18.0 redis-8.1.0 requests-oauthlib-2.0.0 simplejson-4.2.0 sqlalchemy-2.1.3 tensorstore-0.1.85 tfp-nightly-0.26.0.dev20260626 toolz-1.2.0 typeguard-2.13.3 wadler-lindig-0.1.7 wrapt-2.5.0 xyzservices-2026.9.1 zstandard-0.25.0
WARNING: Running pip as the 'root' user can result in broken permissions and conflicting behaviour with the system package manager, possibly rendering your system unusable. It is recommended to use a virtual environment instead: https://pip.pypa.io/warnings/venv. Use the --root-user-action option if you know what you are doing and want to suppress this warning.
dynamo wheel install completed for wheel set 232e76bac42a61ad
dynamo wheel install already completed for wheel set 232e76bac42a61ad, skipping
dynamo wheel install already completed for wheel set 232e76bac42a61ad, skipping
dynamo wheel install already completed for wheel set 232e76bac42a61ad, skipping
numa_cpu_bind.sh: SLURM_LOCALID=3 gpu=3 (000a:e1:00.0) numa_node=1 CPU affinity unchanged
numa_cpu_bind.sh: memory_policy=bind:1
numa_cpu_bind.sh: SLURM_LOCALID=1 gpu=1 (0002:c1:00.0) numa_node=0 CPU affinity unchanged
numa_cpu_bind.sh: memory_policy=bind:0
numa_cpu_bind.sh: SLURM_LOCALID=0 gpu=0 (0002:81:00.0) numa_node=0 CPU affinity unchanged
numa_cpu_bind.sh: memory_policy=bind:0
[33mmpi_rank: 3[0m
[33mtllm_mpi_size: 8[0m
[33mRank3 run mgmn worker node with mpi_world_size: 8 ...[0m
numa_cpu_bind.sh: SLURM_LOCALID=2 gpu=2 (000a:81:00.0) numa_node=1 CPU affinity unchanged
numa_cpu_bind.sh: memory_policy=bind:1
[33mmpi_rank: 2[0m
[33mtllm_mpi_size: 8[0m
[33mRank2 run mgmn worker node with mpi_world_size: 8 ...[0m
[33mmpi_rank: 0[0m
[33mmpi_rank: 1[0m
[33mtllm_mpi_size: 8[0m
[33mtllm_mpi_size: 8[0m
[33mRank1 run mgmn worker node with mpi_world_size: 8 ...[0m
[33mTLLM_SPAWN_PROXY_PROCESS_IPC_ADDR: ipc:///tmp/rpc_test_d366d19b-62a6-4aea-b26b-0bbcf9c74f8c[0m
[33mRank0 run python3 -m dynamo.trtllm --model-path /model --served-model-name GLM-5.2 --disaggregation-mode decode --extra-engine-args /logs/trtllm_config_decode.yaml --request-plane tcp --publish-metrics in background[0m
[33mRank0 Subshell PID: 102046[0m
[33mRank0 run mgmn leader node with mpi_world_size: 8 ...[0m
[33mRank0 host: vr-r42-cn13[0m

ERROR: pip's dependency resolver does not currently take into account all the packages that are installed. This behaviour is the source of the following dependency conflicts.
tyro 1.0.15 requires typeguard>=4.0.0, but you have typeguard 2.13.3 which is incompatible.
Successfully installed ai-dynamo-1.6.0.dev20261004 ai-dynamo-runtime-1.6.0.dev20261004 aisimulate-0.13.0.dev202609300000000061 bokeh-3.10.0 chex-0.1.87 dm-tree-0.1.10 durationpy-0.11 equinox-0.11.7 etils-1.14.0 flax-0.10.0 google-vizier-0.1.21 googleapis-common-protos-1.75.3 ijson-3.5.1 jax-0.4.38 jaxlib-0.4.38 jaxopt-0.8.5 jaxtyping-0.3.11 kubernetes-32.0.1 msgspec-0.22.0 munch-4.0.0 nest_asyncio-1.6.0 oauthlib-4.0.0 opt_einsum-3.4.0 optax-0.2.4 orbax-checkpoint-0.11.5 plotext-5.3.2 portpicker-1.6.0 prettytable-3.18.0 redis-8.1.0 requests-oauthlib-2.0.0 simplejson-4.2.0 sqlalchemy-2.1.3 tensorstore-0.1.85 tfp-nightly-0.26.0.dev20260626 toolz-1.2.0 typeguard-2.13.3 wadler-lindig-0.1.7 wrapt-2.5.0 xyzservices-2026.9.1 zstandard-0.25.0
WARNING: Running pip as the 'root' user can result in broken permissions and conflicting behaviour with the system package manager, possibly rendering your system unusable. It is recommended to use a virtual environment instead: https://pip.pypa.io/warnings/venv. Use the --root-user-action option if you know what you are doing and want to suppress this warning.
dynamo wheel install completed for wheel set 232e76bac42a61ad
dynamo wheel install already completed for wheel set 232e76bac42a61ad, skipping
dynamo wheel install already completed for wheel set 232e76bac42a61ad, skipping
dynamo wheel install already completed for wheel set 232e76bac42a61ad, skipping
numa_cpu_bind.sh: SLURM_LOCALID=1 gpu=1 (0002:c1:00.0) numa_node=0 CPU affinity unchanged
numa_cpu_bind.sh: memory_policy=bind:0
[33mmpi_rank: 5[0m
[33mtllm_mpi_size: 8[0m
[33mRank5 run mgmn worker node with mpi_world_size: 8 ...[0m
numa_cpu_bind.sh: SLURM_LOCALID=3 gpu=3 (000a:e1:00.0) numa_node=1 CPU affinity unchanged
numa_cpu_bind.sh: memory_policy=bind:1
numa_cpu_bind.sh: SLURM_LOCALID=2 gpu=2 (000a:81:00.0) numa_node=1 CPU affinity unchanged
numa_cpu_bind.sh: memory_policy=bind:1
numa_cpu_bind.sh: SLURM_LOCALID=0 gpu=0 (0002:81:00.0) numa_node=0 CPU affinity unchanged
numa_cpu_bind.sh: memory_policy=bind:0
[33mmpi_rank: 7[0m
[33mmpi_rank: 6[0m
[33mtllm_mpi_size: 8[0m
[33mRank7 run mgmn worker node with mpi_world_size: 8 ...[0m
[33mtllm_mpi_size: 8[0m
[33mRank6 run mgmn worker node with mpi_world_size: 8 ...[0m
[33mmpi_rank: 4[0m
[33mtllm_mpi_size: 8[0m
[33mRank4 run mgmn worker node with mpi_world_size: 8 ...[0m
[1791360119.792988] [vr-r42-cn01:102050:0]     ucp_context.c:2510 UCX  WARN  UCP API version is incompatible: required >= 1.22, actual 1.21.0 (loaded from /usr/local/ucx//lib/libucp.so.0)
[1791360122.465630] [vr-r42-cn01:102050:0]      ucp_worker.c:1485 UCX  ERROR uct_iface_open(rc_verbs/mlx5_9:1) failed: Address not valid
[vr-r42-cn01:102050] pml_ucx.c:319  Error: Failed to create UCP worker
[10/07/2026-08:02:03] [TRT-LLM] [I] [_bootstr] Starting TensorRT LLM init.
[1791360124.093535] [vr-r42-cn05:101347:0]     ucp_context.c:2510 UCX  WARN  UCP API version is incompatible: required >= 1.22, actual 1.21.0 (loaded from /usr/local/ucx//lib/libucp.so.0)
[1791360125.052463] [vr-r42-cn05:101347:0]           gdaki.c:1338 UCX  DIAG  no active primary CUDA context on any device. Please set UCX_IB_GDA_RETAIN_INACTIVE_CTX=yes to retain inactive context.
[1791360125.071189] [vr-r42-cn05:101347:0]           gdaki.c:1338 UCX  DIAG  no active primary CUDA context on any device. Please set UCX_IB_GDA_RETAIN_INACTIVE_CTX=yes to retain inactive context.
[1791360125.092631] [vr-r42-cn05:101347:0]           gdaki.c:1338 UCX  DIAG  no active primary CUDA context on any device. Please set UCX_IB_GDA_RETAIN_INACTIVE_CTX=yes to retain inactive context.
[1791360125.111425] [vr-r42-cn05:101347:0]           gdaki.c:1338 UCX  DIAG  no active primary CUDA context on any device. Please set UCX_IB_GDA_RETAIN_INACTIVE_CTX=yes to retain inactive context.
[1791360125.132783] [vr-r42-cn05:101347:0]           gdaki.c:1338 UCX  DIAG  no active primary CUDA context on any device. Please set UCX_IB_GDA_RETAIN_INACTIVE_CTX=yes to retain inactive context.
[1791360125.152075] [vr-r42-cn05:101347:0]           gdaki.c:1338 UCX  DIAG  no active primary CUDA context on any device. Please set UCX_IB_GDA_RETAIN_INACTIVE_CTX=yes to retain inactive context.
[1791360125.179214] [vr-r42-cn05:101347:0]           gdaki.c:1338 UCX  DIAG  no active primary CUDA context on any device. Please set UCX_IB_GDA_RETAIN_INACTIVE_CTX=yes to retain inactive context.
[1791360125.206130] [vr-r42-cn05:101347:0]           gdaki.c:1338 UCX  DIAG  no active primary CUDA context on any device. Please set UCX_IB_GDA_RETAIN_INACTIVE_CTX=yes to retain inactive context.
[1791360125.236802] [vr-r42-cn05:101347:0]           gdaki.c:1338 UCX  DIAG  no active primary CUDA context on any device. Please set UCX_IB_GDA_RETAIN_INACTIVE_CTX=yes to retain inactive context.
[1791360125.265786] [vr-r42-cn05:101347:0]           gdaki.c:1338 UCX  DIAG  no active primary CUDA context on any device. Please set UCX_IB_GDA_RETAIN_INACTIVE_CTX=yes to retain inactive context.
[1791360125.289519] [vr-r42-cn05:101347:0]           gdaki.c:1338 UCX  DIAG  no active primary CUDA context on any device. Please set UCX_IB_GDA_RETAIN_INACTIVE_CTX=yes to retain inactive context.
[1791360125.319123] [vr-r42-cn05:101347:0]           gdaki.c:1338 UCX  DIAG  no active primary CUDA context on any device. Please set UCX_IB_GDA_RETAIN_INACTIVE_CTX=yes to retain inactive context.
[1791360125.418425] [vr-r42-cn05:101347:0]          parser.c:2364 UCX  INFO  MPI_UCX_* env variables: MPI_UCX_PROTO_INFO=y MPI_UCX_TLS=rc,ud,sm,self MPI_UCX_NET_DEVICES=mlx5_0:1,mlx5_6:1
[1791360125.418439] [vr-r42-cn05:101347:0]          parser.c:2364 UCX  INFO  UCX_* env variables: UCX_NET_DEVICES=^mlx5_9:1 UCX_CUDA_IPC_ENABLE_MNNVL=y UCX_TLS=cuda_ipc,cuda_copy,sm,self,tcp UCX_LOG_LEVEL=info UCX_RNDV_SCHEME=put_zcopy
[1791360125.519740] [vr-r42-cn05:101347:0]      ucp_worker.c:1984 UCX  INFO    ucp_context_0 self cfg#0 tag(self/memory rc_mlx5/mlx5_0:1 rc_mlx5/mlx5_6:1 rc_mlx5/mlx5_0:1 rc_mlx5/mlx5_6:1 cma/memory)
[1791360125.522758] [vr-r42-cn05:101347:0]   +--------------------------+-------------------------------------------------------------------------------------------------------------------+
[1791360125.522758] [vr-r42-cn05:101347:0]   | ucp_context_0 self cfg#0 | tagged message by ucp_tag_send* from host memory                                                                  |
[1791360125.522759] [vr-r42-cn05:101347:0]   +--------------------------+-------------------------------------------------+-----------------------------------------------------------------+
[1791360125.522759] [vr-r42-cn05:101347:0]   |                  0..7489 | eager short                                     | self/memory                                                     |
[1791360125.522759] [vr-r42-cn05:101347:0]   |                7490..inf | (?) rendezvous zero-copy fenced write to remote | 50% on rc_mlx5/mlx5_0:1/path0 and 50% on rc_mlx5/mlx5_6:1/path0 |
[1791360125.522759] [vr-r42-cn05:101347:0]   +--------------------------+-------------------------------------------------+-----------------------------------------------------------------+
[1791360125.522803] [vr-r42-cn05:101347:0]   +--------------------------+-------------------------------------------------------------------------------------------------------------------+
[1791360125.522803] [vr-r42-cn05:101347:0]   | ucp_context_0 self cfg#0 | tagged message by ucp_tag_send*(fast-completion) from host memory                                                 |
[1791360125.522804] [vr-r42-cn05:101347:0]   +--------------------------+-------------------------------------------------+-----------------------------------------------------------------+
[1791360125.522804] [vr-r42-cn05:101347:0]   |                  0..8184 | eager short                                     | self/memory                                                     |
[1791360125.522804] [vr-r42-cn05:101347:0]   |             8185..262143 | multi-frag eager copy-in copy-out               | self/memory                                                     |
[1791360125.522804] [vr-r42-cn05:101347:0]   |                256K..inf | (?) rendezvous zero-copy fenced write to remote | 50% on rc_mlx5/mlx5_0:1/path0 and 50% on rc_mlx5/mlx5_6:1/path0 |
[1791360125.522804] [vr-r42-cn05:101347:0]   +--------------------------+-------------------------------------------------+-----------------------------------------------------------------+
[1791360125.522938] [vr-r42-cn05:101347:0]   +--------------------------+-------------------------------------------------------------------------------------------------------------------+
[1791360125.522938] [vr-r42-cn05:101347:0]   | ucp_context_0 self cfg#0 | tagged message by ucp_tag_send*(multi) from host memory                                                           |
[1791360125.522938] [vr-r42-cn05:101347:0]   +--------------------------+-------------------------------------------------+-----------------------------------------------------------------+
[1791360125.522938] [vr-r42-cn05:101347:0]   |                  0..4977 | eager short                                     | self/memory                                                     |
[1791360125.522939] [vr-r42-cn05:101347:0]   |                4978..inf | (?) rendezvous zero-copy fenced write to remote | 50% on rc_mlx5/mlx5_0:1/path0 and 50% on rc_mlx5/mlx5_6:1/path0 |
[1791360125.522939] [vr-r42-cn05:101347:0]   +--------------------------+-------------------------------------------------+-----------------------------------------------------------------+
[1791360125.531440] [vr-r42-cn05:101347:0]      ucp_worker.c:1984 UCX  INFO    ucp_context_0 intra-node cfg#1 tag(sysv/memory rc_mlx5/mlx5_0:1 rc_mlx5/mlx5_6:1 rc_mlx5/mlx5_0:1 rc_mlx5/mlx5_6:1 cma/memory)
[1791360125.531613] [vr-r42-cn05:101347:0]   +--------------------------------+-------------------------------------------------------------------------------------------------------------------+
[1791360125.531613] [vr-r42-cn05:101347:0]   | ucp_context_0 intra-node cfg#1 | tagged message by ucp_tag_send* from host memory                                                                  |
[1791360125.531614] [vr-r42-cn05:101347:0]   +--------------------------------+-------------------------------------------------+-----------------------------------------------------------------+
[1791360125.531614] [vr-r42-cn05:101347:0]   |                          0..92 | eager short                                     | sysv/memory                                                     |
[1791360125.531614] [vr-r42-cn05:101347:0]   |                       93..7653 | eager copy-in copy-out                          | sysv/memory                                                     |
[1791360125.531614] [vr-r42-cn05:101347:0]   |                      7654..inf | (?) rendezvous zero-copy fenced write to remote | 50% on rc_mlx5/mlx5_0:1/path0 and 50% on rc_mlx5/mlx5_6:1/path0 |
[1791360124.265050] [vr-r42-cn05:101262:0]     ucp_context.c:2510 UCX  WARN  UCP API version is incompatible: required >= 1.22, actual 1.21.0 (loaded from /usr/local/ucx//lib/libucp.so.0)
[1791360125.167499] [vr-r42-cn05:101262:0]           gdaki.c:1338 UCX  DIAG  no active primary CUDA context on any device. Please set UCX_IB_GDA_RETAIN_INACTIVE_CTX=yes to retain inactive context.
[1791360125.187480] [vr-r42-cn05:101262:0]           gdaki.c:1338 UCX  DIAG  no active primary CUDA context on any device. Please set UCX_IB_GDA_RETAIN_INACTIVE_CTX=yes to retain inactive context.
[1791360125.208594] [vr-r42-cn05:101262:0]           gdaki.c:1338 UCX  DIAG  no active primary CUDA context on any device. Please set UCX_IB_GDA_RETAIN_INACTIVE_CTX=yes to retain inactive context.
[1791360125.227487] [vr-r42-cn05:101262:0]           gdaki.c:1338 UCX  DIAG  no active primary CUDA context on any device. Please set UCX_IB_GDA_RETAIN_INACTIVE_CTX=yes to retain inactive context.
[1791360125.250234] [vr-r42-cn05:101262:0]           gdaki.c:1338 UCX  DIAG  no active primary CUDA context on any device. Please set UCX_IB_GDA_RETAIN_INACTIVE_CTX=yes to retain inactive context.
[1791360125.273792] [vr-r42-cn05:101262:0]           gdaki.c:1338 UCX  DIAG  no active primary CUDA context on any device. Please set UCX_IB_GDA_RETAIN_INACTIVE_CTX=yes to retain inactive context.
[1791360125.298196] [vr-r42-cn05:101262:0]           gdaki.c:1338 UCX  DIAG  no active primary CUDA context on any device. Please set UCX_IB_GDA_RETAIN_INACTIVE_CTX=yes to retain inactive context.
[1791360125.322046] [vr-r42-cn05:101262:0]           gdaki.c:1338 UCX  DIAG  no active primary CUDA context on any device. Please set UCX_IB_GDA_RETAIN_INACTIVE_CTX=yes to retain inactive context.
[1791360125.351306] [vr-r42-cn05:101262:0]           gdaki.c:1338 UCX  DIAG  no active primary CUDA context on any device. Please set UCX_IB_GDA_RETAIN_INACTIVE_CTX=yes to retain inactive context.
[1791360125.378692] [vr-r42-cn05:101262:0]           gdaki.c:1338 UCX  DIAG  no active primary CUDA context on any device. Please set UCX_IB_GDA_RETAIN_INACTIVE_CTX=yes to retain inactive context.
[1791360125.401810] [vr-r42-cn05:101262:0]           gdaki.c:1338 UCX  DIAG  no active primary CUDA context on any device. Please set UCX_IB_GDA_RETAIN_INACTIVE_CTX=yes to retain inactive context.
[1791360125.420813] [vr-r42-cn05:101262:0]           gdaki.c:1338 UCX  DIAG  no active primary CUDA context on any device. Please set UCX_IB_GDA_RETAIN_INACTIVE_CTX=yes to retain inactive context.
[1791360125.515548] [vr-r42-cn05:101262:0]          parser.c:2364 UCX  INFO  MPI_UCX_* env variables: MPI_UCX_PROTO_INFO=y MPI_UCX_TLS=rc,ud,sm,self MPI_UCX_NET_DEVICES=mlx5_0:1,mlx5_6:1
[1791360125.515563] [vr-r42-cn05:101262:0]          parser.c:2364 UCX  INFO  UCX_* env variables: UCX_NET_DEVICES=^mlx5_9:1 UCX_CUDA_IPC_ENABLE_MNNVL=y UCX_TLS=cuda_ipc,cuda_copy,sm,self,tcp UCX_LOG_LEVEL=info UCX_RNDV_SCHEME=put_zcopy
[1791360125.518569] [vr-r42-cn05:101262:0]      ucp_worker.c:1984 UCX  INFO    ucp_context_0 self cfg#0 tag(self/memory rc_mlx5/mlx5_0:1 rc_mlx5/mlx5_6:1 rc_mlx5/mlx5_0:1 rc_mlx5/mlx5_6:1 cma/memory)
[1791360125.521091] [vr-r42-cn05:101262:0]   +--------------------------+-------------------------------------------------------------------------------------------------------------------+
[1791360125.521093] [vr-r42-cn05:101262:0]   | ucp_context_0 self cfg#0 | tagged message by ucp_tag_send* from host memory                                                                  |
[1791360125.521093] [vr-r42-cn05:101262:0]   +--------------------------+-------------------------------------------------+-----------------------------------------------------------------+
[1791360125.521093] [vr-r42-cn05:101262:0]   |                  0..7489 | eager short                                     | self/memory                                                     |
[1791360125.521093] [vr-r42-cn05:101262:0]   |                7490..inf | (?) rendezvous zero-copy fenced write to remote | 50% on rc_mlx5/mlx5_0:1/path0 and 50% on rc_mlx5/mlx5_6:1/path0 |
[1791360125.521094] [vr-r42-cn05:101262:0]   +--------------------------+-------------------------------------------------+-----------------------------------------------------------------+
[1791360125.521142] [vr-r42-cn05:101262:0]   +--------------------------+-------------------------------------------------------------------------------------------------------------------+
[1791360125.521142] [vr-r42-cn05:101262:0]   | ucp_context_0 self cfg#0 | tagged message by ucp_tag_send*(fast-completion) from host memory                                                 |
[1791360125.521142] [vr-r42-cn05:101262:0]   +--------------------------+-------------------------------------------------+-----------------------------------------------------------------+
[1791360125.521142] [vr-r42-cn05:101262:0]   |                  0..8184 | eager short                                     | self/memory                                                     |
[1791360125.521143] [vr-r42-cn05:101262:0]   |             8185..262143 | multi-frag eager copy-in copy-out               | self/memory                                                     |
[1791360125.521143] [vr-r42-cn05:101262:0]   |                256K..inf | (?) rendezvous zero-copy fenced write to remote | 50% on rc_mlx5/mlx5_0:1/path0 and 50% on rc_mlx5/mlx5_6:1/path0 |
[1791360125.521143] [vr-r42-cn05:101262:0]   +--------------------------+-------------------------------------------------+-----------------------------------------------------------------+
[1791360125.521303] [vr-r42-cn05:101262:0]   +--------------------------+-------------------------------------------------------------------------------------------------------------------+
[1791360125.521303] [vr-r42-cn05:101262:0]   | ucp_context_0 self cfg#0 | tagged message by ucp_tag_send*(multi) from host memory                                                           |
[1791360125.521303] [vr-r42-cn05:101262:0]   +--------------------------+-------------------------------------------------+-----------------------------------------------------------------+
[1791360125.521303] [vr-r42-cn05:101262:0]   |                  0..4977 | eager short                                     | self/memory                                                     |
[1791360125.521303] [vr-r42-cn05:101262:0]   |                4978..inf | (?) rendezvous zero-copy fenced write to remote | 50% on rc_mlx5/mlx5_0:1/path0 and 50% on rc_mlx5/mlx5_6:1/path0 |
[1791360125.521304] [vr-r42-cn05:101262:0]   +--------------------------+-------------------------------------------------+-----------------------------------------------------------------+
[1791360125.532203] [vr-r42-cn05:101262:0]      ucp_worker.c:1984 UCX  INFO    ucp_context_0 intra-node cfg#1 tag(sysv/memory rc_mlx5/mlx5_0:1 rc_mlx5/mlx5_6:1 rc_mlx5/mlx5_0:1 rc_mlx5/mlx5_6:1 cma/memory)
[1791360125.532413] [vr-r42-cn05:101262:0]   +--------------------------------+-------------------------------------------------------------------------------------------------------------------+
[1791360125.532413] [vr-r42-cn05:101262:0]   | ucp_context_0 intra-node cfg#1 | tagged message by ucp_tag_send* from host memory                                                                  |
[1791360125.532414] [vr-r42-cn05:101262:0]   +--------------------------------+-------------------------------------------------+-----------------------------------------------------------------+
[1791360125.532414] [vr-r42-cn05:101262:0]   |                          0..92 | eager short                                     | sysv/memory                                                     |
[1791360125.532414] [vr-r42-cn05:101262:0]   |                       93..7653 | eager copy-in copy-out                          | sysv/memory                                                     |
[1791360125.532414] [vr-r42-cn05:101262:0]   |                      7654..inf | (?) rendezvous zero-copy fenced write to remote | 50% on rc_mlx5/mlx5_0:1/path0 and 50% on rc_mlx5/mlx5_6:1/path0 |
[1791360123.846376] [vr-r42-cn05:101268:0]     ucp_context.c:2510 UCX  WARN  UCP API version is incompatible: required >= 1.22, actual 1.21.0 (loaded from /usr/local/ucx//lib/libucp.so.0)
[1791360124.844858] [vr-r42-cn05:101268:0]           gdaki.c:1338 UCX  DIAG  no active primary CUDA context on any device. Please set UCX_IB_GDA_RETAIN_INACTIVE_CTX=yes to retain inactive context.
[1791360124.865579] [vr-r42-cn05:101268:0]           gdaki.c:1338 UCX  DIAG  no active primary CUDA context on any device. Please set UCX_IB_GDA_RETAIN_INACTIVE_CTX=yes to retain inactive context.
[1791360124.884618] [vr-r42-cn05:101268:0]           gdaki.c:1338 UCX  DIAG  no active primary CUDA context on any device. Please set UCX_IB_GDA_RETAIN_INACTIVE_CTX=yes to retain inactive context.
[1791360124.900674] [vr-r42-cn05:101268:0]           gdaki.c:1338 UCX  DIAG  no active primary CUDA context on any device. Please set UCX_IB_GDA_RETAIN_INACTIVE_CTX=yes to retain inactive context.
[1791360124.919042] [vr-r42-cn05:101268:0]           gdaki.c:1338 UCX  DIAG  no active primary CUDA context on any device. Please set UCX_IB_GDA_RETAIN_INACTIVE_CTX=yes to retain inactive context.
[1791360124.940506] [vr-r42-cn05:101268:0]           gdaki.c:1338 UCX  DIAG  no active primary CUDA context on any device. Please set UCX_IB_GDA_RETAIN_INACTIVE_CTX=yes to retain inactive context.
[1791360124.965359] [vr-r42-cn05:101268:0]           gdaki.c:1338 UCX  DIAG  no active primary CUDA context on any device. Please set UCX_IB_GDA_RETAIN_INACTIVE_CTX=yes to retain inactive context.
[1791360124.990840] [vr-r42-cn05:101268:0]           gdaki.c:1338 UCX  DIAG  no active primary CUDA context on any device. Please set UCX_IB_GDA_RETAIN_INACTIVE_CTX=yes to retain inactive context.
[1791360125.020257] [vr-r42-cn05:101268:0]           gdaki.c:1338 UCX  DIAG  no active primary CUDA context on any device. Please set UCX_IB_GDA_RETAIN_INACTIVE_CTX=yes to retain inactive context.
[1791360125.040701] [vr-r42-cn05:101268:0]           gdaki.c:1338 UCX  DIAG  no active primary CUDA context on any device. Please set UCX_IB_GDA_RETAIN_INACTIVE_CTX=yes to retain inactive context.
[1791360125.064186] [vr-r42-cn05:101268:0]           gdaki.c:1338 UCX  DIAG  no active primary CUDA context on any device. Please set UCX_IB_GDA_RETAIN_INACTIVE_CTX=yes to retain inactive context.
[1791360125.091884] [vr-r42-cn05:101268:0]           gdaki.c:1338 UCX  DIAG  no active primary CUDA context on any device. Please set UCX_IB_GDA_RETAIN_INACTIVE_CTX=yes to retain inactive context.
[1791360125.193601] [vr-r42-cn05:101268:0]          parser.c:2364 UCX  INFO  MPI_UCX_* env variables: MPI_UCX_PROTO_INFO=y MPI_UCX_TLS=rc,ud,sm,self MPI_UCX_NET_DEVICES=mlx5_0:1,mlx5_6:1
[1791360125.193615] [vr-r42-cn05:101268:0]          parser.c:2364 UCX  INFO  UCX_* env variables: UCX_NET_DEVICES=^mlx5_9:1 UCX_CUDA_IPC_ENABLE_MNNVL=y UCX_TLS=cuda_ipc,cuda_copy,sm,self,tcp UCX_LOG_LEVEL=info UCX_RNDV_SCHEME=put_zcopy
[1791360125.519438] [vr-r42-cn05:101268:0]      ucp_worker.c:1984 UCX  INFO    ucp_context_0 self cfg#0 tag(self/memory rc_mlx5/mlx5_0:1 rc_mlx5/mlx5_6:1 rc_mlx5/mlx5_0:1 rc_mlx5/mlx5_6:1 cma/memory)
[1791360125.522153] [vr-r42-cn05:101268:0]   +--------------------------+-------------------------------------------------------------------------------------------------------------------+
[1791360125.522155] [vr-r42-cn05:101268:0]   | ucp_context_0 self cfg#0 | tagged message by ucp_tag_send* from host memory                                                                  |
[1791360125.522155] [vr-r42-cn05:101268:0]   +--------------------------+-------------------------------------------------+-----------------------------------------------------------------+
[1791360125.522155] [vr-r42-cn05:101268:0]   |                  0..7489 | eager short                                     | self/memory                                                     |
[1791360125.522156] [vr-r42-cn05:101268:0]   |                7490..inf | (?) rendezvous zero-copy fenced write to remote | 50% on rc_mlx5/mlx5_0:1/path0 and 50% on rc_mlx5/mlx5_6:1/path0 |
[1791360125.522156] [vr-r42-cn05:101268:0]   +--------------------------+-------------------------------------------------+-----------------------------------------------------------------+
[1791360125.522232] [vr-r42-cn05:101268:0]   +--------------------------+-------------------------------------------------------------------------------------------------------------------+
[1791360125.522232] [vr-r42-cn05:101268:0]   | ucp_context_0 self cfg#0 | tagged message by ucp_tag_send*(fast-completion) from host memory                                                 |
[1791360125.522232] [vr-r42-cn05:101268:0]   +--------------------------+-------------------------------------------------+-----------------------------------------------------------------+
[1791360125.522233] [vr-r42-cn05:101268:0]   |                  0..8184 | eager short                                     | self/memory                                                     |
[1791360125.522233] [vr-r42-cn05:101268:0]   |             8185..262143 | multi-frag eager copy-in copy-out               | self/memory                                                     |
[1791360125.522233] [vr-r42-cn05:101268:0]   |                256K..inf | (?) rendezvous zero-copy fenced write to remote | 50% on rc_mlx5/mlx5_0:1/path0 and 50% on rc_mlx5/mlx5_6:1/path0 |
[1791360125.522233] [vr-r42-cn05:101268:0]   +--------------------------+-------------------------------------------------+-----------------------------------------------------------------+
[1791360125.522394] [vr-r42-cn05:101268:0]   +--------------------------+-------------------------------------------------------------------------------------------------------------------+
[1791360125.522395] [vr-r42-cn05:101268:0]   | ucp_context_0 self cfg#0 | tagged message by ucp_tag_send*(multi) from host memory                                                           |
[1791360125.522395] [vr-r42-cn05:101268:0]   +--------------------------+-------------------------------------------------+-----------------------------------------------------------------+
[1791360125.522395] [vr-r42-cn05:101268:0]   |                  0..4977 | eager short                                     | self/memory                                                     |
[1791360125.522395] [vr-r42-cn05:101268:0]   |                4978..inf | (?) rendezvous zero-copy fenced write to remote | 50% on rc_mlx5/mlx5_0:1/path0 and 50% on rc_mlx5/mlx5_6:1/path0 |
[1791360125.522395] [vr-r42-cn05:101268:0]   +--------------------------+-------------------------------------------------+-----------------------------------------------------------------+
[1791360125.534002] [vr-r42-cn05:101268:0]      ucp_worker.c:1984 UCX  INFO    ucp_context_0 intra-node cfg#1 tag(sysv/memory rc_mlx5/mlx5_0:1 rc_mlx5/mlx5_6:1 rc_mlx5/mlx5_0:1 rc_mlx5/mlx5_6:1 cma/memory)
[1791360125.534210] [vr-r42-cn05:101268:0]   +--------------------------------+-------------------------------------------------------------------------------------------------------------------+
[1791360125.534211] [vr-r42-cn05:101268:0]   | ucp_context_0 intra-node cfg#1 | tagged message by ucp_tag_send* from host memory                                                                  |
[1791360125.534211] [vr-r42-cn05:101268:0]   +--------------------------------+-------------------------------------------------+-----------------------------------------------------------------+
[1791360125.534212] [vr-r42-cn05:101268:0]   |                          0..92 | eager short                                     | sysv/memory                                                     |
[1791360125.534212] [vr-r42-cn05:101268:0]   |                       93..7653 | eager copy-in copy-out                          | sysv/memory                                                     |
[1791360125.534212] [vr-r42-cn05:101268:0]   |                      7654..inf | (?) rendezvous zero-copy fenced write to remote | 50% on rc_mlx5/mlx5_0:1/path0 and 50% on rc_mlx5/mlx5_6:1/path0 |
[1791360123.649796] [vr-r42-cn05:100953:0]     ucp_context.c:2510 UCX  WARN  UCP API version is incompatible: required >= 1.22, actual 1.21.0 (loaded from /usr/local/ucx//lib/libucp.so.0)
[1791360124.614533] [vr-r42-cn05:100953:0]           gdaki.c:1338 UCX  DIAG  no active primary CUDA context on any device. Please set UCX_IB_GDA_RETAIN_INACTIVE_CTX=yes to retain inactive context.
[1791360124.631462] [vr-r42-cn05:100953:0]           gdaki.c:1338 UCX  DIAG  no active primary CUDA context on any device. Please set UCX_IB_GDA_RETAIN_INACTIVE_CTX=yes to retain inactive context.
[1791360124.650505] [vr-r42-cn05:100953:0]           gdaki.c:1338 UCX  DIAG  no active primary CUDA context on any device. Please set UCX_IB_GDA_RETAIN_INACTIVE_CTX=yes to retain inactive context.
[1791360124.668677] [vr-r42-cn05:100953:0]           gdaki.c:1338 UCX  DIAG  no active primary CUDA context on any device. Please set UCX_IB_GDA_RETAIN_INACTIVE_CTX=yes to retain inactive context.
[1791360124.691380] [vr-r42-cn05:100953:0]           gdaki.c:1338 UCX  DIAG  no active primary CUDA context on any device. Please set UCX_IB_GDA_RETAIN_INACTIVE_CTX=yes to retain inactive context.
[1791360124.714675] [vr-r42-cn05:100953:0]           gdaki.c:1338 UCX  DIAG  no active primary CUDA context on any device. Please set UCX_IB_GDA_RETAIN_INACTIVE_CTX=yes to retain inactive context.
[1791360124.744142] [vr-r42-cn05:100953:0]           gdaki.c:1338 UCX  DIAG  no active primary CUDA context on any device. Please set UCX_IB_GDA_RETAIN_INACTIVE_CTX=yes to retain inactive context.
[1791360124.769380] [vr-r42-cn05:100953:0]           gdaki.c:1338 UCX  DIAG  no active primary CUDA context on any device. Please set UCX_IB_GDA_RETAIN_INACTIVE_CTX=yes to retain inactive context.
[1791360124.791918] [vr-r42-cn05:100953:0]           gdaki.c:1338 UCX  DIAG  no active primary CUDA context on any device. Please set UCX_IB_GDA_RETAIN_INACTIVE_CTX=yes to retain inactive context.
[1791360124.812396] [vr-r42-cn05:100953:0]           gdaki.c:1338 UCX  DIAG  no active primary CUDA context on any device. Please set UCX_IB_GDA_RETAIN_INACTIVE_CTX=yes to retain inactive context.
[1791360124.830921] [vr-r42-cn05:100953:0]           gdaki.c:1338 UCX  DIAG  no active primary CUDA context on any device. Please set UCX_IB_GDA_RETAIN_INACTIVE_CTX=yes to retain inactive context.
[1791360124.858810] [vr-r42-cn05:100953:0]           gdaki.c:1338 UCX  DIAG  no active primary CUDA context on any device. Please set UCX_IB_GDA_RETAIN_INACTIVE_CTX=yes to retain inactive context.
[1791360124.959331] [vr-r42-cn05:100953:0]          parser.c:2364 UCX  INFO  MPI_UCX_* env variables: MPI_UCX_PROTO_INFO=y MPI_UCX_TLS=rc,ud,sm,self MPI_UCX_NET_DEVICES=mlx5_0:1,mlx5_6:1
[1791360124.959346] [vr-r42-cn05:100953:0]          parser.c:2364 UCX  INFO  UCX_* env variables: UCX_NET_DEVICES=^mlx5_9:1 UCX_CUDA_IPC_ENABLE_MNNVL=y UCX_TLS=cuda_ipc,cuda_copy,sm,self,tcp UCX_LOG_LEVEL=info UCX_RNDV_SCHEME=put_zcopy
[1791360125.519513] [vr-r42-cn05:100953:0]      ucp_worker.c:1984 UCX  INFO    ucp_context_0 self cfg#0 tag(self/memory rc_mlx5/mlx5_0:1 rc_mlx5/mlx5_6:1 rc_mlx5/mlx5_0:1 rc_mlx5/mlx5_6:1 cma/memory)
[1791360125.532402] [vr-r42-cn05:100953:0]   +--------------------------+-------------------------------------------------------------------------------------------------------------------+
[1791360125.532406] [vr-r42-cn05:100953:0]   | ucp_context_0 self cfg#0 | tagged message by ucp_tag_send* from host memory                                                                  |
[1791360125.532406] [vr-r42-cn05:100953:0]   +--------------------------+-------------------------------------------------+-----------------------------------------------------------------+
[1791360125.532407] [vr-r42-cn05:100953:0]   |                  0..7489 | eager short                                     | self/memory                                                     |
[1791360125.532407] [vr-r42-cn05:100953:0]   |                7490..inf | (?) rendezvous zero-copy fenced write to remote | 50% on rc_mlx5/mlx5_0:1/path0 and 50% on rc_mlx5/mlx5_6:1/path0 |
[1791360125.532407] [vr-r42-cn05:100953:0]   +--------------------------+-------------------------------------------------+-----------------------------------------------------------------+
[1791360125.532601] [vr-r42-cn05:100953:0]   +--------------------------+-------------------------------------------------------------------------------------------------------------------+
[1791360125.532601] [vr-r42-cn05:100953:0]   | ucp_context_0 self cfg#0 | tagged message by ucp_tag_send*(fast-completion) from host memory                                                 |
[1791360125.532602] [vr-r42-cn05:100953:0]   +--------------------------+-------------------------------------------------+-----------------------------------------------------------------+
[1791360125.532602] [vr-r42-cn05:100953:0]   |                  0..8184 | eager short                                     | self/memory                                                     |
[1791360125.532602] [vr-r42-cn05:100953:0]   |             8185..262143 | multi-frag eager copy-in copy-out               | self/memory                                                     |
[1791360125.532602] [vr-r42-cn05:100953:0]   |                256K..inf | (?) rendezvous zero-copy fenced write to remote | 50% on rc_mlx5/mlx5_0:1/path0 and 50% on rc_mlx5/mlx5_6:1/path0 |
[1791360125.532602] [vr-r42-cn05:100953:0]   +--------------------------+-------------------------------------------------+-----------------------------------------------------------------+
[1791360125.533126] [vr-r42-cn05:100953:0]   +--------------------------+-------------------------------------------------------------------------------------------------------------------+
[1791360125.533126] [vr-r42-cn05:100953:0]   | ucp_context_0 self cfg#0 | tagged message by ucp_tag_send*(multi) from host memory                                                           |
[1791360125.533126] [vr-r42-cn05:100953:0]   +--------------------------+-------------------------------------------------+-----------------------------------------------------------------+
[1791360125.533127] [vr-r42-cn05:100953:0]   |                  0..4977 | eager short                                     | self/memory                                                     |
[1791360125.533127] [vr-r42-cn05:100953:0]   |                4978..inf | (?) rendezvous zero-copy fenced write to remote | 50% on rc_mlx5/mlx5_0:1/path0 and 50% on rc_mlx5/mlx5_6:1/path0 |
[1791360125.533127] [vr-r42-cn05:100953:0]   +--------------------------+-------------------------------------------------+-----------------------------------------------------------------+
[1791360125.541312] [vr-r42-cn05:100953:0]      ucp_worker.c:1984 UCX  INFO    ucp_context_0 intra-node cfg#1 tag(sysv/memory rc_mlx5/mlx5_0:1 rc_mlx5/mlx5_6:1 rc_mlx5/mlx5_0:1 rc_mlx5/mlx5_6:1 cma/memory)
[1791360125.541795] [vr-r42-cn05:100953:0]   +--------------------------------+-------------------------------------------------------------------------------------------------------------------+
[1791360125.541796] [vr-r42-cn05:100953:0]   | ucp_context_0 intra-node cfg#1 | tagged message by ucp_tag_send* from host memory                                                                  |
[1791360125.541796] [vr-r42-cn05:100953:0]   +--------------------------------+-------------------------------------------------+-----------------------------------------------------------------+
[1791360125.541796] [vr-r42-cn05:100953:0]   |                          0..92 | eager short                                     | sysv/memory                                                     |
[1791360125.541797] [vr-r42-cn05:100953:0]   |                       93..7653 | eager copy-in copy-out                          | sysv/memory                                                     |
[1791360125.541797] [vr-r42-cn05:100953:0]   |                      7654..inf | (?) rendezvous zero-copy fenced write to remote | 50% on rc_mlx5/mlx5_0:1/path0 and 50% on rc_mlx5/mlx5_6:1/path0 |
[1791360119.565852] [vr-r42-cn01:101971:0]     ucp_context.c:2510 UCX  WARN  UCP API version is incompatible: required >= 1.22, actual 1.21.0 (loaded from /usr/local/ucx//lib/libucp.so.0)
[1791360120.520621] [vr-r42-cn01:101971:0]           gdaki.c:1338 UCX  DIAG  no active primary CUDA context on any device. Please set UCX_IB_GDA_RETAIN_INACTIVE_CTX=yes to retain inactive context.
[1791360120.546182] [vr-r42-cn01:101971:0]           gdaki.c:1338 UCX  DIAG  no active primary CUDA context on any device. Please set UCX_IB_GDA_RETAIN_INACTIVE_CTX=yes to retain inactive context.
[1791360120.566845] [vr-r42-cn01:101971:0]           gdaki.c:1338 UCX  DIAG  no active primary CUDA context on any device. Please set UCX_IB_GDA_RETAIN_INACTIVE_CTX=yes to retain inactive context.
[1791360120.595954] [vr-r42-cn01:101971:0]           gdaki.c:1338 UCX  DIAG  no active primary CUDA context on any device. Please set UCX_IB_GDA_RETAIN_INACTIVE_CTX=yes to retain inactive context.
[1791360120.624785] [vr-r42-cn01:101971:0]           gdaki.c:1338 UCX  DIAG  no active primary CUDA context on any device. Please set UCX_IB_GDA_RETAIN_INACTIVE_CTX=yes to retain inactive context.
[1791360120.649434] [vr-r42-cn01:101971:0]           gdaki.c:1338 UCX  DIAG  no active primary CUDA context on any device. Please set UCX_IB_GDA_RETAIN_INACTIVE_CTX=yes to retain inactive context.
[1791360120.677883] [vr-r42-cn01:101971:0]           gdaki.c:1338 UCX  DIAG  no active primary CUDA context on any device. Please set UCX_IB_GDA_RETAIN_INACTIVE_CTX=yes to retain inactive context.
[1791360120.700686] [vr-r42-cn01:101971:0]           gdaki.c:1338 UCX  DIAG  no active primary CUDA context on any device. Please set UCX_IB_GDA_RETAIN_INACTIVE_CTX=yes to retain inactive context.
[1791360120.729224] [vr-r42-cn01:101971:0]           gdaki.c:1338 UCX  DIAG  no active primary CUDA context on any device. Please set UCX_IB_GDA_RETAIN_INACTIVE_CTX=yes to retain inactive context.
[1791360120.751172] [vr-r42-cn01:101971:0]           gdaki.c:1338 UCX  DIAG  no active primary CUDA context on any device. Please set UCX_IB_GDA_RETAIN_INACTIVE_CTX=yes to retain inactive context.
[1791360120.779725] [vr-r42-cn01:101971:0]           gdaki.c:1338 UCX  DIAG  no active primary CUDA context on any device. Please set UCX_IB_GDA_RETAIN_INACTIVE_CTX=yes to retain inactive context.
[1791360120.805198] [vr-r42-cn01:101971:0]           gdaki.c:1338 UCX  DIAG  no active primary CUDA context on any device. Please set UCX_IB_GDA_RETAIN_INACTIVE_CTX=yes to retain inactive context.
[1791360120.923442] [vr-r42-cn01:101971:0]          parser.c:2364 UCX  INFO  MPI_UCX_* env variables: MPI_UCX_PROTO_INFO=y MPI_UCX_TLS=rc,ud,sm,self MPI_UCX_NET_DEVICES=mlx5_0:1,mlx5_6:1
[1791360120.923460] [vr-r42-cn01:101971:0]          parser.c:2364 UCX  INFO  UCX_* env variables: UCX_NET_DEVICES=^mlx5_9:1 UCX_CUDA_IPC_ENABLE_MNNVL=y UCX_TLS=cuda_ipc,cuda_copy,sm,self,tcp UCX_LOG_LEVEL=info UCX_RNDV_SCHEME=put_zcopy
[1791360125.344036] [vr-r42-cn01:101971:0]      ucp_worker.c:1984 UCX  INFO    ucp_context_0 self cfg#0 tag(self/memory rc_mlx5/mlx5_0:1 rc_mlx5/mlx5_6:1 rc_mlx5/mlx5_0:1 rc_mlx5/mlx5_6:1 cma/memory)
[1791360125.356160] [vr-r42-cn01:101971:0]   +--------------------------+-------------------------------------------------------------------------------------------------------------------+
[1791360125.356164] [vr-r42-cn01:101971:0]   | ucp_context_0 self cfg#0 | tagged message by ucp_tag_send* from host memory                                                                  |
[1791360125.356164] [vr-r42-cn01:101971:0]   +--------------------------+-------------------------------------------------+-----------------------------------------------------------------+
[1791360125.356164] [vr-r42-cn01:101971:0]   |                  0..7489 | eager short                                     | self/memory                                                     |
[1791360125.356165] [vr-r42-cn01:101971:0]   |                7490..inf | (?) rendezvous zero-copy fenced write to remote | 50% on rc_mlx5/mlx5_0:1/path0 and 50% on rc_mlx5/mlx5_6:1/path0 |
[1791360125.356165] [vr-r42-cn01:101971:0]   +--------------------------+-------------------------------------------------+-----------------------------------------------------------------+
[1791360125.356347] [vr-r42-cn01:101971:0]   +--------------------------+-------------------------------------------------------------------------------------------------------------------+
[1791360125.356347] [vr-r42-cn01:101971:0]   | ucp_context_0 self cfg#0 | tagged message by ucp_tag_send*(fast-completion) from host memory                                                 |
[1791360125.356347] [vr-r42-cn01:101971:0]   +--------------------------+-------------------------------------------------+-----------------------------------------------------------------+
[1791360125.356347] [vr-r42-cn01:101971:0]   |                  0..8184 | eager short                                     | self/memory                                                     |
[1791360125.356347] [vr-r42-cn01:101971:0]   |             8185..262143 | multi-frag eager copy-in copy-out               | self/memory                                                     |
[1791360125.356348] [vr-r42-cn01:101971:0]   |                256K..inf | (?) rendezvous zero-copy fenced write to remote | 50% on rc_mlx5/mlx5_0:1/path0 and 50% on rc_mlx5/mlx5_6:1/path0 |
[1791360125.356348] [vr-r42-cn01:101971:0]   +--------------------------+-------------------------------------------------+-----------------------------------------------------------------+
[1791360125.356837] [vr-r42-cn01:101971:0]   +--------------------------+-------------------------------------------------------------------------------------------------------------------+
[1791360125.356838] [vr-r42-cn01:101971:0]   | ucp_context_0 self cfg#0 | tagged message by ucp_tag_send*(multi) from host memory                                                           |
[1791360125.356838] [vr-r42-cn01:101971:0]   +--------------------------+-------------------------------------------------+-----------------------------------------------------------------+
[1791360125.356838] [vr-r42-cn01:101971:0]   |                  0..4977 | eager short                                     | self/memory                                                     |
[1791360125.356838] [vr-r42-cn01:101971:0]   |                4978..inf | (?) rendezvous zero-copy fenced write to remote | 50% on rc_mlx5/mlx5_0:1/path0 and 50% on rc_mlx5/mlx5_6:1/path0 |
[1791360125.356839] [vr-r42-cn01:101971:0]   +--------------------------+-------------------------------------------------+-----------------------------------------------------------------+
[1791360125.373983] [vr-r42-cn01:101971:0]      ucp_worker.c:1984 UCX  INFO    ucp_context_0 intra-node cfg#1 tag(sysv/memory rc_mlx5/mlx5_0:1 rc_mlx5/mlx5_6:1 rc_mlx5/mlx5_0:1 rc_mlx5/mlx5_6:1 cma/memory)
[1791360125.374587] [vr-r42-cn01:101971:0]   +--------------------------------+-------------------------------------------------------------------------------------------------------------------+
[1791360125.374588] [vr-r42-cn01:101971:0]   | ucp_context_0 intra-node cfg#1 | tagged message by ucp_tag_send* from host memory                                                                  |
[1791360125.374590] [vr-r42-cn01:101971:0]   +--------------------------------+-------------------------------------------------+-----------------------------------------------------------------+
[1791360125.374590] [vr-r42-cn01:101971:0]   |                          0..92 | eager short                                     | sysv/memory                                                     |
[1791360125.374590] [vr-r42-cn01:101971:0]   |                       93..7653 | eager copy-in copy-out                          | sysv/memory                                                     |
[1791360125.374590] [vr-r42-cn01:101971:0]   |                      7654..inf | (?) rendezvous zero-copy fenced write to remote | 50% on rc_mlx5/mlx5_0:1/path0 and 50% on rc_mlx5/mlx5_6:1/path0 |
[1791360119.200733] [vr-r42-cn01:101696:0]     ucp_context.c:2510 UCX  WARN  UCP API version is incompatible: required >= 1.22, actual 1.21.0 (loaded from /usr/local/ucx//lib/libucp.so.0)
[1791360120.163023] [vr-r42-cn01:101696:0]           gdaki.c:1338 UCX  DIAG  no active primary CUDA context on any device. Please set UCX_IB_GDA_RETAIN_INACTIVE_CTX=yes to retain inactive context.
[1791360120.183701] [vr-r42-cn01:101696:0]           gdaki.c:1338 UCX  DIAG  no active primary CUDA context on any device. Please set UCX_IB_GDA_RETAIN_INACTIVE_CTX=yes to retain inactive context.
[1791360120.204344] [vr-r42-cn01:101696:0]           gdaki.c:1338 UCX  DIAG  no active primary CUDA context on any device. Please set UCX_IB_GDA_RETAIN_INACTIVE_CTX=yes to retain inactive context.
[1791360120.231761] [vr-r42-cn01:101696:0]           gdaki.c:1338 UCX  DIAG  no active primary CUDA context on any device. Please set UCX_IB_GDA_RETAIN_INACTIVE_CTX=yes to retain inactive context.
[1791360120.260192] [vr-r42-cn01:101696:0]           gdaki.c:1338 UCX  DIAG  no active primary CUDA context on any device. Please set UCX_IB_GDA_RETAIN_INACTIVE_CTX=yes to retain inactive context.
[1791360120.284465] [vr-r42-cn01:101696:0]           gdaki.c:1338 UCX  DIAG  no active primary CUDA context on any device. Please set UCX_IB_GDA_RETAIN_INACTIVE_CTX=yes to retain inactive context.
[1791360120.313990] [vr-r42-cn01:101696:0]           gdaki.c:1338 UCX  DIAG  no active primary CUDA context on any device. Please set UCX_IB_GDA_RETAIN_INACTIVE_CTX=yes to retain inactive context.
[1791360120.338751] [vr-r42-cn01:101696:0]           gdaki.c:1338 UCX  DIAG  no active primary CUDA context on any device. Please set UCX_IB_GDA_RETAIN_INACTIVE_CTX=yes to retain inactive context.
[1791360120.369588] [vr-r42-cn01:101696:0]           gdaki.c:1338 UCX  DIAG  no active primary CUDA context on any device. Please set UCX_IB_GDA_RETAIN_INACTIVE_CTX=yes to retain inactive context.
[1791360120.392307] [vr-r42-cn01:101696:0]           gdaki.c:1338 UCX  DIAG  no active primary CUDA context on any device. Please set UCX_IB_GDA_RETAIN_INACTIVE_CTX=yes to retain inactive context.
[1791360120.417951] [vr-r42-cn01:101696:0]           gdaki.c:1338 UCX  DIAG  no active primary CUDA context on any device. Please set UCX_IB_GDA_RETAIN_INACTIVE_CTX=yes to retain inactive context.
[1791360120.440790] [vr-r42-cn01:101696:0]           gdaki.c:1338 UCX  DIAG  no active primary CUDA context on any device. Please set UCX_IB_GDA_RETAIN_INACTIVE_CTX=yes to retain inactive context.
[1791360120.564812] [vr-r42-cn01:101696:0]          parser.c:2364 UCX  INFO  MPI_UCX_* env variables: MPI_UCX_PROTO_INFO=y MPI_UCX_TLS=rc,ud,sm,self MPI_UCX_NET_DEVICES=mlx5_0:1,mlx5_6:1
[1791360120.564831] [vr-r42-cn01:101696:0]          parser.c:2364 UCX  INFO  UCX_* env variables: UCX_NET_DEVICES=^mlx5_9:1 UCX_CUDA_IPC_ENABLE_MNNVL=y UCX_TLS=cuda_ipc,cuda_copy,sm,self,tcp UCX_LOG_LEVEL=info UCX_RNDV_SCHEME=put_zcopy
[1791360125.344006] [vr-r42-cn01:101696:0]      ucp_worker.c:1984 UCX  INFO    ucp_context_0 self cfg#0 tag(self/memory rc_mlx5/mlx5_0:1 rc_mlx5/mlx5_6:1 rc_mlx5/mlx5_0:1 rc_mlx5/mlx5_6:1 cma/memory)
[1791360125.356168] [vr-r42-cn01:101696:0]   +--------------------------+-------------------------------------------------------------------------------------------------------------------+
[1791360125.356172] [vr-r42-cn01:101696:0]   | ucp_context_0 self cfg#0 | tagged message by ucp_tag_send* from host memory                                                                  |
[1791360125.356172] [vr-r42-cn01:101696:0]   +--------------------------+-------------------------------------------------+-----------------------------------------------------------------+
[1791360125.356173] [vr-r42-cn01:101696:0]   |                  0..7489 | eager short                                     | self/memory                                                     |
[1791360125.356173] [vr-r42-cn01:101696:0]   |                7490..inf | (?) rendezvous zero-copy fenced write to remote | 50% on rc_mlx5/mlx5_0:1/path0 and 50% on rc_mlx5/mlx5_6:1/path0 |
[1791360125.356173] [vr-r42-cn01:101696:0]   +--------------------------+-------------------------------------------------+-----------------------------------------------------------------+
[1791360125.356319] [vr-r42-cn01:101696:0]   +--------------------------+-------------------------------------------------------------------------------------------------------------------+
[1791360125.356320] [vr-r42-cn01:101696:0]   | ucp_context_0 self cfg#0 | tagged message by ucp_tag_send*(fast-completion) from host memory                                                 |
[1791360125.356321] [vr-r42-cn01:101696:0]   +--------------------------+-------------------------------------------------+-----------------------------------------------------------------+
[1791360125.356321] [vr-r42-cn01:101696:0]   |                  0..8184 | eager short                                     | self/memory                                                     |
[1791360125.356321] [vr-r42-cn01:101696:0]   |             8185..262143 | multi-frag eager copy-in copy-out               | self/memory                                                     |
[1791360125.356321] [vr-r42-cn01:101696:0]   |                256K..inf | (?) rendezvous zero-copy fenced write to remote | 50% on rc_mlx5/mlx5_0:1/path0 and 50% on rc_mlx5/mlx5_6:1/path0 |
[1791360125.356321] [vr-r42-cn01:101696:0]   +--------------------------+-------------------------------------------------+-----------------------------------------------------------------+
[1791360125.356786] [vr-r42-cn01:101696:0]   +--------------------------+-------------------------------------------------------------------------------------------------------------------+
[1791360125.356786] [vr-r42-cn01:101696:0]   | ucp_context_0 self cfg#0 | tagged message by ucp_tag_send*(multi) from host memory                                                           |
[1791360125.356786] [vr-r42-cn01:101696:0]   +--------------------------+-------------------------------------------------+-----------------------------------------------------------------+
[1791360125.356786] [vr-r42-cn01:101696:0]   |                  0..4977 | eager short                                     | self/memory                                                     |
[1791360125.356786] [vr-r42-cn01:101696:0]   |                4978..inf | (?) rendezvous zero-copy fenced write to remote | 50% on rc_mlx5/mlx5_0:1/path0 and 50% on rc_mlx5/mlx5_6:1/path0 |
[1791360125.356787] [vr-r42-cn01:101696:0]   +--------------------------+-------------------------------------------------+-----------------------------------------------------------------+
[1791360125.375704] [vr-r42-cn01:101696:0]      ucp_worker.c:1984 UCX  INFO    ucp_context_0 intra-node cfg#1 tag(sysv/memory rc_mlx5/mlx5_0:1 rc_mlx5/mlx5_6:1 rc_mlx5/mlx5_0:1 rc_mlx5/mlx5_6:1 cma/memory)
[1791360125.376210] [vr-r42-cn01:101696:0]   +--------------------------------+-------------------------------------------------------------------------------------------------------------------+
[1791360125.376210] [vr-r42-cn01:101696:0]   | ucp_context_0 intra-node cfg#1 | tagged message by ucp_tag_send* from host memory                                                                  |
[1791360125.376210] [vr-r42-cn01:101696:0]   +--------------------------------+-------------------------------------------------+-----------------------------------------------------------------+
[1791360125.376211] [vr-r42-cn01:101696:0]   |                          0..92 | eager short                                     | sysv/memory                                                     |
[1791360125.376211] [vr-r42-cn01:101696:0]   |                       93..7653 | eager copy-in copy-out                          | sysv/memory                                                     |
[1791360125.376211] [vr-r42-cn01:101696:0]   |                      7654..inf | (?) rendezvous zero-copy fenced write to remote | 50% on rc_mlx5/mlx5_0:1/path0 and 50% on rc_mlx5/mlx5_6:1/path0 |
[1791360119.982307] [vr-r42-cn01:102044:0]     ucp_context.c:2510 UCX  WARN  UCP API version is incompatible: required >= 1.22, actual 1.21.0 (loaded from /usr/local/ucx//lib/libucp.so.0)
[1791360120.886414] [vr-r42-cn01:102044:0]           gdaki.c:1338 UCX  DIAG  no active primary CUDA context on any device. Please set UCX_IB_GDA_RETAIN_INACTIVE_CTX=yes to retain inactive context.
[1791360120.912808] [vr-r42-cn01:102044:0]           gdaki.c:1338 UCX  DIAG  no active primary CUDA context on any device. Please set UCX_IB_GDA_RETAIN_INACTIVE_CTX=yes to retain inactive context.
[1791360120.932649] [vr-r42-cn01:102044:0]           gdaki.c:1338 UCX  DIAG  no active primary CUDA context on any device. Please set UCX_IB_GDA_RETAIN_INACTIVE_CTX=yes to retain inactive context.
[1791360120.970067] [vr-r42-cn01:102044:0]           gdaki.c:1338 UCX  DIAG  no active primary CUDA context on any device. Please set UCX_IB_GDA_RETAIN_INACTIVE_CTX=yes to retain inactive context.
[1791360120.999177] [vr-r42-cn01:102044:0]           gdaki.c:1338 UCX  DIAG  no active primary CUDA context on any device. Please set UCX_IB_GDA_RETAIN_INACTIVE_CTX=yes to retain inactive context.
[1791360121.023588] [vr-r42-cn01:102044:0]           gdaki.c:1338 UCX  DIAG  no active primary CUDA context on any device. Please set UCX_IB_GDA_RETAIN_INACTIVE_CTX=yes to retain inactive context.
[1791360121.049577] [vr-r42-cn01:102044:0]           gdaki.c:1338 UCX  DIAG  no active primary CUDA context on any device. Please set UCX_IB_GDA_RETAIN_INACTIVE_CTX=yes to retain inactive context.
[1791360121.071470] [vr-r42-cn01:102044:0]           gdaki.c:1338 UCX  DIAG  no active primary CUDA context on any device. Please set UCX_IB_GDA_RETAIN_INACTIVE_CTX=yes to retain inactive context.
[1791360121.107293] [vr-r42-cn01:102044:0]           gdaki.c:1338 UCX  DIAG  no active primary CUDA context on any device. Please set UCX_IB_GDA_RETAIN_INACTIVE_CTX=yes to retain inactive context.
[1791360121.138554] [vr-r42-cn01:102044:0]           gdaki.c:1338 UCX  DIAG  no active primary CUDA context on any device. Please set UCX_IB_GDA_RETAIN_INACTIVE_CTX=yes to retain inactive context.
[1791360121.171518] [vr-r42-cn01:102044:0]           gdaki.c:1338 UCX  DIAG  no active primary CUDA context on any device. Please set UCX_IB_GDA_RETAIN_INACTIVE_CTX=yes to retain inactive context.
[1791360121.203411] [vr-r42-cn01:102044:0]           gdaki.c:1338 UCX  DIAG  no active primary CUDA context on any device. Please set UCX_IB_GDA_RETAIN_INACTIVE_CTX=yes to retain inactive context.
[1791360121.379929] [vr-r42-cn01:102044:0]          parser.c:2364 UCX  INFO  MPI_UCX_* env variables: MPI_UCX_PROTO_INFO=y MPI_UCX_TLS=rc,ud,sm,self MPI_UCX_NET_DEVICES=mlx5_0:1,mlx5_6:1
[1791360121.379946] [vr-r42-cn01:102044:0]          parser.c:2364 UCX  INFO  UCX_* env variables: UCX_NET_DEVICES=^mlx5_9:1 UCX_CUDA_IPC_ENABLE_MNNVL=y UCX_TLS=cuda_ipc,cuda_copy,sm,self,tcp UCX_LOG_LEVEL=info UCX_RNDV_SCHEME=put_zcopy
[1791360125.345075] [vr-r42-cn01:102044:0]      ucp_worker.c:1984 UCX  INFO    ucp_context_0 self cfg#0 tag(self/memory rc_mlx5/mlx5_0:1 rc_mlx5/mlx5_6:1 rc_mlx5/mlx5_0:1 rc_mlx5/mlx5_6:1 cma/memory)
[1791360125.386120] [vr-r42-cn01:102044:0]   +--------------------------+-------------------------------------------------------------------------------------------------------------------+
[1791360125.386121] [vr-r42-cn01:102044:0]   | ucp_context_0 self cfg#0 | tagged message by ucp_tag_send* from host memory                                                                  |
[1791360125.386122] [vr-r42-cn01:102044:0]   +--------------------------+-------------------------------------------------+-----------------------------------------------------------------+
[1791360125.386122] [vr-r42-cn01:102044:0]   |                  0..7489 | eager short                                     | self/memory                                                     |
[1791360125.386122] [vr-r42-cn01:102044:0]   |                7490..inf | (?) rendezvous zero-copy fenced write to remote | 50% on rc_mlx5/mlx5_0:1/path0 and 50% on rc_mlx5/mlx5_6:1/path0 |
[1791360125.386122] [vr-r42-cn01:102044:0]   +--------------------------+-------------------------------------------------+-----------------------------------------------------------------+
[1791360125.386186] [vr-r42-cn01:102044:0]   +--------------------------+-------------------------------------------------------------------------------------------------------------------+
[1791360125.386186] [vr-r42-cn01:102044:0]   | ucp_context_0 self cfg#0 | tagged message by ucp_tag_send*(fast-completion) from host memory                                                 |
[1791360125.386186] [vr-r42-cn01:102044:0]   +--------------------------+-------------------------------------------------+-----------------------------------------------------------------+
[1791360125.386187] [vr-r42-cn01:102044:0]   |                  0..8184 | eager short                                     | self/memory                                                     |
[1791360125.386187] [vr-r42-cn01:102044:0]   |             8185..262143 | multi-frag eager copy-in copy-out               | self/memory                                                     |
[1791360125.386187] [vr-r42-cn01:102044:0]   |                256K..inf | (?) rendezvous zero-copy fenced write to remote | 50% on rc_mlx5/mlx5_0:1/path0 and 50% on rc_mlx5/mlx5_6:1/path0 |
[1791360125.386187] [vr-r42-cn01:102044:0]   +--------------------------+-------------------------------------------------+-----------------------------------------------------------------+
[1791360125.386368] [vr-r42-cn01:102044:0]   +--------------------------+-------------------------------------------------------------------------------------------------------------------+
[1791360125.386369] [vr-r42-cn01:102044:0]   | ucp_context_0 self cfg#0 | tagged message by ucp_tag_send*(multi) from host memory                                                           |
[1791360125.386369] [vr-r42-cn01:102044:0]   +--------------------------+-------------------------------------------------+-----------------------------------------------------------------+
[1791360125.386369] [vr-r42-cn01:102044:0]   |                  0..4977 | eager short                                     | self/memory                                                     |
[1791360125.386369] [vr-r42-cn01:102044:0]   |                4978..inf | (?) rendezvous zero-copy fenced write to remote | 50% on rc_mlx5/mlx5_0:1/path0 and 50% on rc_mlx5/mlx5_6:1/path0 |
[1791360125.386369] [vr-r42-cn01:102044:0]   +--------------------------+-------------------------------------------------+-----------------------------------------------------------------+
[1791360125.439871] [vr-r42-cn01:102044:0]      ucp_worker.c:1984 UCX  INFO    ucp_context_0 intra-node cfg#1 tag(sysv/memory rc_mlx5/mlx5_0:1 rc_mlx5/mlx5_6:1 rc_mlx5/mlx5_0:1 rc_mlx5/mlx5_6:1 cma/memory)
[1791360125.440161] [vr-r42-cn01:102044:0]   +--------------------------------+-------------------------------------------------------------------------------------------------------------------+
[1791360125.440162] [vr-r42-cn01:102044:0]   | ucp_context_0 intra-node cfg#1 | tagged message by ucp_tag_send* from host memory                                                                  |
[1791360125.440162] [vr-r42-cn01:102044:0]   +--------------------------------+-------------------------------------------------+-----------------------------------------------------------------+
[1791360125.440162] [vr-r42-cn01:102044:0]   |                          0..92 | eager short                                     | sysv/memory                                                     |
[1791360125.440162] [vr-r42-cn01:102044:0]   |                       93..7653 | eager copy-in copy-out                          | sysv/memory                                                     |
[1791360125.440162] [vr-r42-cn01:102044:0]   |                      7654..inf | (?) rendezvous zero-copy fenced write to remote | 50% on rc_mlx5/mlx5_0:1/path0 and 50% on rc_mlx5/mlx5_6:1/path0 |
[1791360119.505743] [vr-r42-cn01:102049:0]     ucp_context.c:2510 UCX  WARN  UCP API version is incompatible: required >= 1.22, actual 1.21.0 (loaded from /usr/local/ucx//lib/libucp.so.0)
[1791360120.423723] [vr-r42-cn01:102049:0]           gdaki.c:1338 UCX  DIAG  no active primary CUDA context on any device. Please set UCX_IB_GDA_RETAIN_INACTIVE_CTX=yes to retain inactive context.
[1791360120.447008] [vr-r42-cn01:102049:0]           gdaki.c:1338 UCX  DIAG  no active primary CUDA context on any device. Please set UCX_IB_GDA_RETAIN_INACTIVE_CTX=yes to retain inactive context.
[1791360120.468601] [vr-r42-cn01:102049:0]           gdaki.c:1338 UCX  DIAG  no active primary CUDA context on any device. Please set UCX_IB_GDA_RETAIN_INACTIVE_CTX=yes to retain inactive context.
[1791360120.505755] [vr-r42-cn01:102049:0]           gdaki.c:1338 UCX  DIAG  no active primary CUDA context on any device. Please set UCX_IB_GDA_RETAIN_INACTIVE_CTX=yes to retain inactive context.
[1791360120.540761] [vr-r42-cn01:102049:0]           gdaki.c:1338 UCX  DIAG  no active primary CUDA context on any device. Please set UCX_IB_GDA_RETAIN_INACTIVE_CTX=yes to retain inactive context.
[1791360120.566866] [vr-r42-cn01:102049:0]           gdaki.c:1338 UCX  DIAG  no active primary CUDA context on any device. Please set UCX_IB_GDA_RETAIN_INACTIVE_CTX=yes to retain inactive context.
[1791360120.607028] [vr-r42-cn01:102049:0]           gdaki.c:1338 UCX  DIAG  no active primary CUDA context on any device. Please set UCX_IB_GDA_RETAIN_INACTIVE_CTX=yes to retain inactive context.
[1791360120.638207] [vr-r42-cn01:102049:0]           gdaki.c:1338 UCX  DIAG  no active primary CUDA context on any device. Please set UCX_IB_GDA_RETAIN_INACTIVE_CTX=yes to retain inactive context.
[1791360120.675301] [vr-r42-cn01:102049:0]           gdaki.c:1338 UCX  DIAG  no active primary CUDA context on any device. Please set UCX_IB_GDA_RETAIN_INACTIVE_CTX=yes to retain inactive context.
[1791360120.700122] [vr-r42-cn01:102049:0]           gdaki.c:1338 UCX  DIAG  no active primary CUDA context on any device. Please set UCX_IB_GDA_RETAIN_INACTIVE_CTX=yes to retain inactive context.
[1791360120.733195] [vr-r42-cn01:102049:0]           gdaki.c:1338 UCX  DIAG  no active primary CUDA context on any device. Please set UCX_IB_GDA_RETAIN_INACTIVE_CTX=yes to retain inactive context.
[1791360120.762703] [vr-r42-cn01:102049:0]           gdaki.c:1338 UCX  DIAG  no active primary CUDA context on any device. Please set UCX_IB_GDA_RETAIN_INACTIVE_CTX=yes to retain inactive context.
[1791360120.917891] [vr-r42-cn01:102049:0]          parser.c:2364 UCX  INFO  MPI_UCX_* env variables: MPI_UCX_PROTO_INFO=y MPI_UCX_TLS=rc,ud,sm,self MPI_UCX_NET_DEVICES=mlx5_0:1,mlx5_6:1
[1791360120.917906] [vr-r42-cn01:102049:0]          parser.c:2364 UCX  INFO  UCX_* env variables: UCX_NET_DEVICES=^mlx5_9:1 UCX_CUDA_IPC_ENABLE_MNNVL=y UCX_TLS=cuda_ipc,cuda_copy,sm,self,tcp UCX_LOG_LEVEL=info UCX_RNDV_SCHEME=put_zcopy
[1791360125.343995] [vr-r42-cn01:102049:0]      ucp_worker.c:1984 UCX  INFO    ucp_context_0 self cfg#0 tag(self/memory rc_mlx5/mlx5_0:1 rc_mlx5/mlx5_6:1 rc_mlx5/mlx5_0:1 rc_mlx5/mlx5_6:1 cma/memory)
[1791360125.481701] [vr-r42-cn01:102049:0]   +--------------------------+-------------------------------------------------------------------------------------------------------------------+
[1791360125.481702] [vr-r42-cn01:102049:0]   | ucp_context_0 self cfg#0 | tagged message by ucp_tag_send* from host memory                                                                  |
[1791360125.481702] [vr-r42-cn01:102049:0]   +--------------------------+-------------------------------------------------+-----------------------------------------------------------------+
[1791360125.481703] [vr-r42-cn01:102049:0]   |                  0..7489 | eager short                                     | self/memory                                                     |
[1791360125.481703] [vr-r42-cn01:102049:0]   |                7490..inf | (?) rendezvous zero-copy fenced write to remote | 50% on rc_mlx5/mlx5_0:1/path0 and 50% on rc_mlx5/mlx5_6:1/path0 |
[1791360125.481703] [vr-r42-cn01:102049:0]   +--------------------------+-------------------------------------------------+-----------------------------------------------------------------+
[1791360125.481770] [vr-r42-cn01:102049:0]   +--------------------------+-------------------------------------------------------------------------------------------------------------------+
[1791360125.481770] [vr-r42-cn01:102049:0]   | ucp_context_0 self cfg#0 | tagged message by ucp_tag_send*(fast-completion) from host memory                                                 |
[1791360125.481770] [vr-r42-cn01:102049:0]   +--------------------------+-------------------------------------------------+-----------------------------------------------------------------+
[1791360125.481770] [vr-r42-cn01:102049:0]   |                  0..8184 | eager short                                     | self/memory                                                     |
[1791360125.481770] [vr-r42-cn01:102049:0]   |             8185..262143 | multi-frag eager copy-in copy-out               | self/memory                                                     |
[1791360125.481771] [vr-r42-cn01:102049:0]   |                256K..inf | (?) rendezvous zero-copy fenced write to remote | 50% on rc_mlx5/mlx5_0:1/path0 and 50% on rc_mlx5/mlx5_6:1/path0 |
[1791360125.481771] [vr-r42-cn01:102049:0]   +--------------------------+-------------------------------------------------+-----------------------------------------------------------------+
[1791360125.481951] [vr-r42-cn01:102049:0]   +--------------------------+-------------------------------------------------------------------------------------------------------------------+
[1791360125.481951] [vr-r42-cn01:102049:0]   | ucp_context_0 self cfg#0 | tagged message by ucp_tag_send*(multi) from host memory                                                           |
[1791360125.481951] [vr-r42-cn01:102049:0]   +--------------------------+-------------------------------------------------+-----------------------------------------------------------------+
[1791360125.481951] [vr-r42-cn01:102049:0]   |                  0..4977 | eager short                                     | self/memory                                                     |
[1791360125.481952] [vr-r42-cn01:102049:0]   |                4978..inf | (?) rendezvous zero-copy fenced write to remote | 50% on rc_mlx5/mlx5_0:1/path0 and 50% on rc_mlx5/mlx5_6:1/path0 |
[1791360125.481952] [vr-r42-cn01:102049:0]   +--------------------------+-------------------------------------------------+-----------------------------------------------------------------+
[1791360125.518294] [vr-r42-cn01:102049:0]      ucp_worker.c:1984 UCX  INFO    ucp_context_0 intra-node cfg#1 tag(sysv/memory rc_mlx5/mlx5_0:1 rc_mlx5/mlx5_6:1 rc_mlx5/mlx5_0:1 rc_mlx5/mlx5_6:1 cma/memory)
[1791360125.518567] [vr-r42-cn01:102049:0]   +--------------------------------+-------------------------------------------------------------------------------------------------------------------+
[1791360125.518567] [vr-r42-cn01:102049:0]   | ucp_context_0 intra-node cfg#1 | tagged message by ucp_tag_send* from host memory                                                                  |
[1791360125.518568] [vr-r42-cn01:102049:0]   +--------------------------------+-------------------------------------------------+-----------------------------------------------------------------+
[1791360125.518568] [vr-r42-cn01:102049:0]   |                          0..92 | eager short                                     | sysv/memory                                                     |
[1791360125.518568] [vr-r42-cn01:102049:0]   |                       93..7653 | eager copy-in copy-out                          | sysv/memory                                                     |
[1791360125.518568] [vr-r42-cn01:102049:0]   |                      7654..inf | (?) rendezvous zero-copy fenced write to remote | 50% on rc_mlx5/mlx5_0:1/path0 and 50% on rc_mlx5/mlx5_6:1/path0 |
[1791360125.518569] [vr-r42-cn01:102049:0]   +--------------------------------+-------------------------------------------------+-----------------------------------------------------------------+
[1791360125.518629] [vr-r42-cn01:102049:0]   +--------------------------------+-------------------------------------------------------------------------------------------------------------------+
[1791360125.518629] [vr-r42-cn01:102049:0]   | ucp_context_0 intra-node cfg#1 | tagged message by ucp_tag_send*(fast-completion) from host memory                                                 |
[1791360125.518629] [vr-r42-cn01:102049:0]   +--------------------------------+-------------------------------------------------+-----------------------------------------------------------------+
[1791360125.518629] [vr-r42-cn01:102049:0]   |                          0..92 | eager short                                     | sysv/memory                                                     |
[1791360125.518629] [vr-r42-cn01:102049:0]   |                       93..8248 | eager copy-in copy-out                          | sysv/memory                                                     |
[1791360125.518630] [vr-r42-cn01:102049:0]   |                   8249..262143 | multi-frag eager copy-in copy-out               | sysv/memory                                                     |
[1791360125.518630] [vr-r42-cn01:102049:0]   |                      256K..inf | (?) rendezvous zero-copy fenced write to remote | 50% on rc_mlx5/mlx5_0:1/path0 and 50% on rc_mlx5/mlx5_6:1/path0 |
[1791360125.518630] [vr-r42-cn01:102049:0]   +--------------------------------+-------------------------------------------------+-----------------------------------------------------------------+
[1791360125.518788] [vr-r42-cn01:102049:0]   +--------------------------------+-------------------------------------------------------------------------------------------------------------------+
[1791360125.518789] [vr-r42-cn01:102049:0]   | ucp_context_0 intra-node cfg#1 | tagged message by ucp_tag_send*(multi) from host memory                                                           |
[1791360125.518789] [vr-r42-cn01:102049:0]   +--------------------------------+-------------------------------------------------+-----------------------------------------------------------------+
[1791360125.518789] [vr-r42-cn01:102049:0]   |                          0..92 | eager short                                     | sysv/memory                                                     |
[1791360125.518789] [vr-r42-cn01:102049:0]   |                       93..4940 | eager copy-in copy-out                          | sysv/memory                                                     |
[1791360125.518789] [vr-r42-cn01:102049:0]   |                      4941..inf | (?) rendezvous zero-copy fenced write to remote | 50% on rc_mlx5/mlx5_0:1/path0 and 50% on rc_mlx5/mlx5_6:1/path0 |
[1791360125.518790] [vr-r42-cn01:102049:0]   +--------------------------------+-------------------------------------------------+-----------------------------------------------------------------+
[1791360125.527966] [vr-r42-cn01:102049:a]      ucp_worker.c:1984 UCX  INFO    ucp_context_0 intra-node cfg#2 tag(sysv/memory rc_mlx5/mlx5_0:1 rc_mlx5/mlx5_6:1 rc_mlx5/mlx5_0:1 rc_mlx5/mlx5_6:1 cma/memory)
[1791360125.528365] [vr-r42-cn01:102049:a]   +--------------------------------+-------------------------------------------------------------------------------------------------------------------+
[1791360125.528367] [vr-r42-cn01:102049:a]   | ucp_context_0 intra-node cfg#2 | tagged message by ucp_tag_send* from host memory                                                                  |
[1791360125.528367] [vr-r42-cn01:102049:a]   +--------------------------------+-------------------------------------------------+-----------------------------------------------------------------+
[1791360125.528368] [vr-r42-cn01:102049:a]   |                          0..92 | eager short                                     | sysv/memory                                                     |
[1791360125.528368] [vr-r42-cn01:102049:a]   |                       93..7653 | eager copy-in copy-out                          | sysv/memory                                                     |
[1791360125.528368] [vr-r42-cn01:102049:a]   |                      7654..inf | (?) rendezvous zero-copy fenced write to remote | 50% on rc_mlx5/mlx5_0:1/path0 and 50% on rc_mlx5/mlx5_6:1/path0 |
[1791360125.528368] [vr-r42-cn01:102049:a]   +--------------------------------+-------------------------------------------------+-----------------------------------------------------------------+
[1791360125.528408] [vr-r42-cn01:102049:a]   +--------------------------------+-------------------------------------------------------------------------------------------------------------------+
[1791360125.528409] [vr-r42-cn01:102049:a]   | ucp_context_0 intra-node cfg#2 | tagged message by ucp_tag_send*(fast-completion) from host memory                                                 |
[1791360125.528409] [vr-r42-cn01:102049:a]   +--------------------------------+-------------------------------------------------+-----------------------------------------------------------------+
[1791360125.528409] [vr-r42-cn01:102049:a]   |                          0..92 | eager short                                     | sysv/memory                                                     |
[1791360125.528409] [vr-r42-cn01:102049:a]   |                       93..8248 | eager copy-in copy-out                          | sysv/memory                                                     |
[1791360125.528409] [vr-r42-cn01:102049:a]   |                   8249..262143 | multi-frag eager copy-in copy-out               | sysv/memory                                                     |
[1791360125.528410] [vr-r42-cn01:102049:a]   |                      256K..inf | (?) rendezvous zero-copy fenced write to remote | 50% on rc_mlx5/mlx5_0:1/path0 and 50% on rc_mlx5/mlx5_6:1/path0 |
[1791360125.528410] [vr-r42-cn01:102049:a]   +--------------------------------+-------------------------------------------------+-----------------------------------------------------------------+
[1791360125.528529] [vr-r42-cn01:102049:a]   +--------------------------------+-------------------------------------------------------------------------------------------------------------------+
[1791360125.528529] [vr-r42-cn01:102049:a]   | ucp_context_0 intra-node cfg#2 | tagged message by ucp_tag_send*(multi) from host memory                                                           |
[1791360125.528529] [vr-r42-cn01:102049:a]   +--------------------------------+-------------------------------------------------+-----------------------------------------------------------------+
[1791360125.528529] [vr-r42-cn01:102049:a]   |                          0..92 | eager short                                     | sysv/memory                                                     |
[1791360125.528529] [vr-r42-cn01:102049:a]   |                       93..4940 | eager copy-in copy-out                          | sysv/memory                                                     |
[1791360125.528530] [vr-r42-cn01:102049:a]   |                      4941..inf | (?) rendezvous zero-copy fenced write to remote | 50% on rc_mlx5/mlx5_0:1/path0 and 50% on rc_mlx5/mlx5_6:1/path0 |
[1791360125.528530] [vr-r42-cn01:102049:a]   +--------------------------------+-------------------------------------------------+-----------------------------------------------------------------+
[1791360125.622134] [vr-r42-cn01:102049:0]      ucp_worker.c:1984 UCX  INFO    ucp_context_0 inter-node cfg#3 tag(rc_mlx5/mlx5_0:1 rc_mlx5/mlx5_6:1 rc_mlx5/mlx5_0:1 rc_mlx5/mlx5_6:1)
[1791360125.622407] [vr-r42-cn01:102049:0]   +--------------------------------+-------------------------------------------------------------------------------------------------------------------+
[1791360125.440163] [vr-r42-cn01:102044:0]   +--------------------------------+-------------------------------------------------+-----------------------------------------------------------------+
[1791360125.440222] [vr-r42-cn01:102044:0]   +--------------------------------+-------------------------------------------------------------------------------------------------------------------+
[1791360125.440222] [vr-r42-cn01:102044:0]   | ucp_context_0 intra-node cfg#1 | tagged message by ucp_tag_send*(fast-completion) from host memory                                                 |
[1791360125.440222] [vr-r42-cn01:102044:0]   +--------------------------------+-------------------------------------------------+-----------------------------------------------------------------+
[1791360125.440223] [vr-r42-cn01:102044:0]   |                          0..92 | eager short                                     | sysv/memory                                                     |
[1791360125.440223] [vr-r42-cn01:102044:0]   |                       93..8248 | eager copy-in copy-out                          | sysv/memory                                                     |
[1791360125.440223] [vr-r42-cn01:102044:0]   |                   8249..262143 | multi-frag eager copy-in copy-out               | sysv/memory                                                     |
[1791360125.440223] [vr-r42-cn01:102044:0]   |                      256K..inf | (?) rendezvous zero-copy fenced write to remote | 50% on rc_mlx5/mlx5_0:1/path0 and 50% on rc_mlx5/mlx5_6:1/path0 |
[1791360125.440223] [vr-r42-cn01:102044:0]   +--------------------------------+-------------------------------------------------+-----------------------------------------------------------------+
[1791360125.440385] [vr-r42-cn01:102044:0]   +--------------------------------+-------------------------------------------------------------------------------------------------------------------+
[1791360125.440385] [vr-r42-cn01:102044:0]   | ucp_context_0 intra-node cfg#1 | tagged message by ucp_tag_send*(multi) from host memory                                                           |
[1791360125.440385] [vr-r42-cn01:102044:0]   +--------------------------------+-------------------------------------------------+-----------------------------------------------------------------+
[1791360125.440386] [vr-r42-cn01:102044:0]   |                          0..92 | eager short                                     | sysv/memory                                                     |
[1791360125.440386] [vr-r42-cn01:102044:0]   |                       93..4940 | eager copy-in copy-out                          | sysv/memory                                                     |
[1791360125.440386] [vr-r42-cn01:102044:0]   |                      4941..inf | (?) rendezvous zero-copy fenced write to remote | 50% on rc_mlx5/mlx5_0:1/path0 and 50% on rc_mlx5/mlx5_6:1/path0 |
[1791360125.440386] [vr-r42-cn01:102044:0]   +--------------------------------+-------------------------------------------------+-----------------------------------------------------------------+
[1791360125.449499] [vr-r42-cn01:102044:a]      ucp_worker.c:1984 UCX  INFO    ucp_context_0 intra-node cfg#2 tag(sysv/memory rc_mlx5/mlx5_0:1 rc_mlx5/mlx5_6:1 rc_mlx5/mlx5_0:1 rc_mlx5/mlx5_6:1 cma/memory)
[1791360125.450190] [vr-r42-cn01:102044:a]   +--------------------------------+-------------------------------------------------------------------------------------------------------------------+
[1791360125.450191] [vr-r42-cn01:102044:a]   | ucp_context_0 intra-node cfg#2 | tagged message by ucp_tag_send* from host memory                                                                  |
[1791360125.450191] [vr-r42-cn01:102044:a]   +--------------------------------+-------------------------------------------------+-----------------------------------------------------------------+
[1791360125.450191] [vr-r42-cn01:102044:a]   |                          0..92 | eager short                                     | sysv/memory                                                     |
[1791360125.450191] [vr-r42-cn01:102044:a]   |                       93..7653 | eager copy-in copy-out                          | sysv/memory                                                     |
[1791360125.450191] [vr-r42-cn01:102044:a]   |                      7654..inf | (?) rendezvous zero-copy fenced write to remote | 50% on rc_mlx5/mlx5_0:1/path0 and 50% on rc_mlx5/mlx5_6:1/path0 |
[1791360125.450192] [vr-r42-cn01:102044:a]   +--------------------------------+-------------------------------------------------+-----------------------------------------------------------------+
[1791360125.450233] [vr-r42-cn01:102044:a]   +--------------------------------+-------------------------------------------------------------------------------------------------------------------+
[1791360125.450233] [vr-r42-cn01:102044:a]   | ucp_context_0 intra-node cfg#2 | tagged message by ucp_tag_send*(fast-completion) from host memory                                                 |
[1791360125.450234] [vr-r42-cn01:102044:a]   +--------------------------------+-------------------------------------------------+-----------------------------------------------------------------+
[1791360125.450234] [vr-r42-cn01:102044:a]   |                          0..92 | eager short                                     | sysv/memory                                                     |
[1791360125.450234] [vr-r42-cn01:102044:a]   |                       93..8248 | eager copy-in copy-out                          | sysv/memory                                                     |
[1791360125.450234] [vr-r42-cn01:102044:a]   |                   8249..262143 | multi-frag eager copy-in copy-out               | sysv/memory                                                     |
[1791360125.450234] [vr-r42-cn01:102044:a]   |                      256K..inf | (?) rendezvous zero-copy fenced write to remote | 50% on rc_mlx5/mlx5_0:1/path0 and 50% on rc_mlx5/mlx5_6:1/path0 |
[1791360125.450235] [vr-r42-cn01:102044:a]   +--------------------------------+-------------------------------------------------+-----------------------------------------------------------------+
[1791360125.450353] [vr-r42-cn01:102044:a]   +--------------------------------+-------------------------------------------------------------------------------------------------------------------+
[1791360125.450354] [vr-r42-cn01:102044:a]   | ucp_context_0 intra-node cfg#2 | tagged message by ucp_tag_send*(multi) from host memory                                                           |
[1791360125.450354] [vr-r42-cn01:102044:a]   +--------------------------------+-------------------------------------------------+-----------------------------------------------------------------+
[1791360125.450354] [vr-r42-cn01:102044:a]   |                          0..92 | eager short                                     | sysv/memory                                                     |
[1791360125.450355] [vr-r42-cn01:102044:a]   |                       93..4940 | eager copy-in copy-out                          | sysv/memory                                                     |
[1791360125.450355] [vr-r42-cn01:102044:a]   |                      4941..inf | (?) rendezvous zero-copy fenced write to remote | 50% on rc_mlx5/mlx5_0:1/path0 and 50% on rc_mlx5/mlx5_6:1/path0 |
[1791360125.450355] [vr-r42-cn01:102044:a]   +--------------------------------+-------------------------------------------------+-----------------------------------------------------------------+
[1791360125.622795] [vr-r42-cn01:102044:0]      ucp_worker.c:1984 UCX  INFO    ucp_context_0 inter-node cfg#3 tag(rc_mlx5/mlx5_0:1 rc_mlx5/mlx5_6:1 rc_mlx5/mlx5_0:1 rc_mlx5/mlx5_6:1)
[1791360125.623070] [vr-r42-cn01:102044:0]   +--------------------------------+-------------------------------------------------------------------------------------------------------------------+
[1791360125.541797] [vr-r42-cn05:100953:0]   +--------------------------------+-------------------------------------------------+-----------------------------------------------------------------+
[1791360125.541961] [vr-r42-cn05:100953:0]   +--------------------------------+-------------------------------------------------------------------------------------------------------------------+
[1791360125.541961] [vr-r42-cn05:100953:0]   | ucp_context_0 intra-node cfg#1 | tagged message by ucp_tag_send*(fast-completion) from host memory                                                 |
[1791360125.541961] [vr-r42-cn05:100953:0]   +--------------------------------+-------------------------------------------------+-----------------------------------------------------------------+
[1791360125.541961] [vr-r42-cn05:100953:0]   |                          0..92 | eager short                                     | sysv/memory                                                     |
[1791360125.541962] [vr-r42-cn05:100953:0]   |                       93..8248 | eager copy-in copy-out                          | sysv/memory                                                     |
[1791360125.541962] [vr-r42-cn05:100953:0]   |                   8249..262143 | multi-frag eager copy-in copy-out               | sysv/memory                                                     |
[1791360125.541962] [vr-r42-cn05:100953:0]   |                      256K..inf | (?) rendezvous zero-copy fenced write to remote | 50% on rc_mlx5/mlx5_0:1/path0 and 50% on rc_mlx5/mlx5_6:1/path0 |
[1791360125.541962] [vr-r42-cn05:100953:0]   +--------------------------------+-------------------------------------------------+-----------------------------------------------------------------+
[1791360125.542385] [vr-r42-cn05:100953:0]   +--------------------------------+-------------------------------------------------------------------------------------------------------------------+
[1791360125.542386] [vr-r42-cn05:100953:0]   | ucp_context_0 intra-node cfg#1 | tagged message by ucp_tag_send*(multi) from host memory                                                           |
[1791360125.542386] [vr-r42-cn05:100953:0]   +--------------------------------+-------------------------------------------------+-----------------------------------------------------------------+
[1791360125.542386] [vr-r42-cn05:100953:0]   |                          0..92 | eager short                                     | sysv/memory                                                     |
[1791360125.542386] [vr-r42-cn05:100953:0]   |                       93..4940 | eager copy-in copy-out                          | sysv/memory                                                     |
[1791360125.542386] [vr-r42-cn05:100953:0]   |                      4941..inf | (?) rendezvous zero-copy fenced write to remote | 50% on rc_mlx5/mlx5_0:1/path0 and 50% on rc_mlx5/mlx5_6:1/path0 |
[1791360125.542386] [vr-r42-cn05:100953:0]   +--------------------------------+-------------------------------------------------+-----------------------------------------------------------------+
[1791360125.544935] [vr-r42-cn05:100953:a]      ucp_worker.c:1984 UCX  INFO    ucp_context_0 intra-node cfg#2 tag(sysv/memory rc_mlx5/mlx5_0:1 rc_mlx5/mlx5_6:1 rc_mlx5/mlx5_0:1 rc_mlx5/mlx5_6:1 cma/memory)
[1791360125.545163] [vr-r42-cn05:100953:a]   +--------------------------------+-------------------------------------------------------------------------------------------------------------------+
[1791360125.545164] [vr-r42-cn05:100953:a]   | ucp_context_0 intra-node cfg#2 | tagged message by ucp_tag_send* from host memory                                                                  |
[1791360125.545165] [vr-r42-cn05:100953:a]   +--------------------------------+-------------------------------------------------+-----------------------------------------------------------------+
[1791360125.545166] [vr-r42-cn05:100953:a]   |                          0..92 | eager short                                     | sysv/memory                                                     |
[1791360125.545167] [vr-r42-cn05:100953:a]   |                       93..7653 | eager copy-in copy-out                          | sysv/memory                                                     |
[1791360125.545168] [vr-r42-cn05:100953:a]   |                      7654..inf | (?) rendezvous zero-copy fenced write to remote | 50% on rc_mlx5/mlx5_0:1/path0 and 50% on rc_mlx5/mlx5_6:1/path0 |
[1791360125.545169] [vr-r42-cn05:100953:a]   +--------------------------------+-------------------------------------------------+-----------------------------------------------------------------+
[1791360125.545218] [vr-r42-cn05:100953:a]   +--------------------------------+-------------------------------------------------------------------------------------------------------------------+
[1791360125.545219] [vr-r42-cn05:100953:a]   | ucp_context_0 intra-node cfg#2 | tagged message by ucp_tag_send*(fast-completion) from host memory                                                 |
[1791360125.545220] [vr-r42-cn05:100953:a]   +--------------------------------+-------------------------------------------------+-----------------------------------------------------------------+
[1791360125.545221] [vr-r42-cn05:100953:a]   |                          0..92 | eager short                                     | sysv/memory                                                     |
[1791360125.545222] [vr-r42-cn05:100953:a]   |                       93..8248 | eager copy-in copy-out                          | sysv/memory                                                     |
[1791360125.545223] [vr-r42-cn05:100953:a]   |                   8249..262143 | multi-frag eager copy-in copy-out               | sysv/memory                                                     |
[1791360125.545224] [vr-r42-cn05:100953:a]   |                      256K..inf | (?) rendezvous zero-copy fenced write to remote | 50% on rc_mlx5/mlx5_0:1/path0 and 50% on rc_mlx5/mlx5_6:1/path0 |
[1791360125.545225] [vr-r42-cn05:100953:a]   +--------------------------------+-------------------------------------------------+-----------------------------------------------------------------+
[1791360125.545341] [vr-r42-cn05:100953:a]   +--------------------------------+-------------------------------------------------------------------------------------------------------------------+
[1791360125.545343] [vr-r42-cn05:100953:a]   | ucp_context_0 intra-node cfg#2 | tagged message by ucp_tag_send*(multi) from host memory                                                           |
[1791360125.545344] [vr-r42-cn05:100953:a]   +--------------------------------+-------------------------------------------------+-----------------------------------------------------------------+
[1791360125.545345] [vr-r42-cn05:100953:a]   |                          0..92 | eager short                                     | sysv/memory                                                     |
[1791360125.545346] [vr-r42-cn05:100953:a]   |                       93..4940 | eager copy-in copy-out                          | sysv/memory                                                     |
[1791360125.545347] [vr-r42-cn05:100953:a]   |                      4941..inf | (?) rendezvous zero-copy fenced write to remote | 50% on rc_mlx5/mlx5_0:1/path0 and 50% on rc_mlx5/mlx5_6:1/path0 |
[1791360125.545348] [vr-r42-cn05:100953:a]   +--------------------------------+-------------------------------------------------+-----------------------------------------------------------------+
[1791360125.804362] [vr-r42-cn05:100953:0]      ucp_worker.c:1984 UCX  INFO    ucp_context_0 inter-node cfg#3 tag(rc_mlx5/mlx5_0:1 rc_mlx5/mlx5_6:1 rc_mlx5/mlx5_0:1 rc_mlx5/mlx5_6:1)
[1791360125.804742] [vr-r42-cn05:100953:0]   +--------------------------------+-------------------------------------------------------------------------------------------------------------------+
[1791360125.623071] [vr-r42-cn01:102044:0]   | ucp_context_0 inter-node cfg#3 | tagged message by ucp_tag_send* from host memory                                                        [10/07/2026-08:02:05] [TRT-LLM] [I] [_bootstr] Starting TensorRT LLM init.
[1791360125.622408] [vr-r42-cn01:102049:0]   | ucp_context_0 inter-node cfg#3 | tagged message by ucp_tag_send* from host memory                                                        [10/07/2026-08:02:05] [TRT-LLM] [I] [_bootstr] Starting TensorRT LLM init.
[1791360125.531614] [vr-r[10/07/2026-08:02:05] [TRT-LLM] [I] [_bootstr] Starting TensorRT LLM init.
[1791360125.532414] [vr-r[10/07/2026-08:02:05] [TRT-LLM] [I] [_bootstr] Starting TensorRT LLM init.
[1791360125.374590] [vr-r[10/07/2026-08:02:05] [TRT-LLM] [I] [_bootstr] Starting TensorRT LLM init.
[1791360125.534212] [vr-r[10/07/2026-08:02:05] [TRT-LLM] [I] [_bootstr] Starting TensorRT LLM init.
[1791360125.376211] [vr-r[10/07/2026-08:02:05] [TRT-LLM] [I] [_bootstr] Starting TensorRT LLM init.
[1791360125.804743] [vr-r42-cn05:100953:0]   | ucp_context_0 inter-node cfg#3 | tagged message by ucp_tag_send* from host memory                                                        [10/07/2026-08:02:05] [TRT-LLM] [I] [_bootstr] Starting TensorRT LLM init.
W1007 08:02:06.689000 102050 torch/utils/_pytree.py:630] <enum 'KernelPreference'> is an Enum subclass and is now natively supported by torch.compile as an opaque value type. Calling register_constant() on Enum subclasses is deprecated and will be an error in a future release.
W1007 08:02:06.706000 102050 torch/utils/_pytree.py:630] <enum 'ScaleCalculationMode'> is an Enum subclass and is now natively supported by torch.compile as an opaque value type. Calling register_constant() on Enum subclasses is deprecated and will be an error in a future release.
W1007 08:02:08.164000 101268 torch/utils/_pytree.py:630] <enum 'KernelPreference'> is an Enum subclass and is now natively supported by torch.compile as an opaque value type. Calling register_constant() on Enum subclasses is deprecated and will be an error in a future release.
W1007 08:02:08.164000 101262 torch/utils/_pytree.py:630] <enum 'KernelPreference'> is an Enum subclass and is now natively supported by torch.compile as an opaque value type. Calling register_constant() on Enum subclasses is deprecated and will be an error in a future release.
W1007 08:02:08.180000 101268 torch/utils/_pytree.py:630] <enum 'ScaleCalculationMode'> is an Enum subclass and is now natively supported by torch.compile as an opaque value type. Calling register_constant() on Enum subclasses is deprecated and will be an error in a future release.
W1007 08:02:08.180000 101262 torch/utils/_pytree.py:630] <enum 'ScaleCalculationMode'> is an Enum subclass and is now natively supported by torch.compile as an opaque value type. Calling register_constant() on Enum subclasses is deprecated and will be an error in a future release.
W1007 08:02:08.063000 102049 torch/utils/_pytree.py:630] <enum 'KernelPreference'> is an Enum subclass and is now natively supported by torch.compile as an opaque value type. Calling register_constant() on Enum subclasses is deprecated and will be an error in a future release.
W1007 08:02:08.080000 102049 torch/utils/_pytree.py:630] <enum 'ScaleCalculationMode'> is an Enum subclass and is now natively supported by torch.compile as an opaque value type. Calling register_constant() on Enum subclasses is deprecated and will be an error in a future release.
[10/07/2026-08:02:08] [TRT-LLM] [I] [_torch] cutlass dsl is available
[10/07/2026-08:02:08] [TRT-LLM] [I] [_torch] cutlass dsl internal (rubin) is available
W1007 08:02:08.435000 102044 torch/utils/_pytree.py:630] <enum 'KernelPreference'> is an Enum subclass and is now natively supported by torch.compile as an opaque value type. Calling register_constant() on Enum subclasses is deprecated and will be an error in a future release.
W1007 08:02:08.455000 102044 torch/utils/_pytree.py:630] <enum 'ScaleCalculationMode'> is an Enum subclass and is now natively supported by torch.compile as an opaque value type. Calling register_constant() on Enum subclasses is deprecated and will be an error in a future release.
[10/07/2026-08:02:08] [TRT-LLM] [I] [_torch] flashinfer is available: 0.6.18.post1
[10/07/2026-08:02:08] [TRT-LLM] [I] [_torch] cuBLASLt FP4 GEMM is available
W1007 08:02:08.932000 101347 torch/utils/_pytree.py:630] <enum 'KernelPreference'> is an Enum subclass and is now natively supported by torch.compile as an opaque value type. Calling register_constant() on Enum subclasses is deprecated and will be an error in a future release.
W1007 08:02:08.969000 101347 torch/utils/_pytree.py:630] <enum 'ScaleCalculationMode'> is an Enum subclass and is now natively supported by torch.compile as an opaque value type. Calling register_constant() on Enum subclasses is deprecated and will be an error in a future release.
[10/07/2026-08:02:09] [TRT-LLM] [I] [_torch] cutlass dsl is available
[10/07/2026-08:02:09] [TRT-LLM] [I] [_torch] cutlass dsl internal (rubin) is available
[10/07/2026-08:02:09] [TRT-LLM] [I] [_torch] cutlass dsl is available
[10/07/2026-08:02:09] [TRT-LLM] [I] [_torch] cutlass dsl internal (rubin) is available
[TRT-LLM] [I] [RANK 0] Set logger level to I
[10/07/2026-08:02:09] [TRT-LLM] [I] [_bootstr] TensorRT LLM inited.
[TensorRT-LLM] TensorRT LLM version: 1.3.0rc25
dynamo.nixl_connect: Failed to load CuPy for GPU acceleration, utilizing numpy to provide CPU based operations.
[10/07/2026-08:02:09] [TRT-LLM] [I] [_torch] cutlass dsl is available
[10/07/2026-08:02:09] [TRT-LLM] [I] [_torch] cutlass dsl internal (rubin) is available
[2m2026-10-07T08:02:09.392770Z[0m [32m INFO[0m [2mmain.worker[0m[2m:[0m Python cyclic GC disabled (DYN_TRTLLM_SERVER_DISABLE_GC or TRTLLM_SERVER_DISABLE_GC is set)
[2m2026-10-07T08:02:09.393233Z[0m [32m INFO[0m [2mdynamo_runtime::worker[0m[2m:[0m dynamo runtime configuration: num_worker_threads=352, max_blocking_threads=352, system_host=0.0.0.0, system_port=7503, use_endpoint_health_status=[]starting_health_status=NotReady, system_health_path=/health, system_live_path=/live, health_check_enabled=false, canary_wait_time_secs=10, health_check_request_timeout_secs=3
[2m2026-10-07T08:02:09.420185Z[0m [32m INFO[0m [2mdynamo_runtime::distributed[0m[2m:[0m Initializing KV store discovery backend: Etcd(http://172.29.197.138:2379)
[2m2026-10-07T08:02:09.422258Z[0m [32m INFO[0m [2mdynamo_runtime::pipeline::network::manager[0m[2m:[0m Initializing NetworkManager with TCP request plane [3mmode[0m[2m=[0mtcp [3mhost[0m[2m=[0m"auto" [3mport[0m[2m=[0mOS-assigned
[2m2026-10-07T08:02:09.422796Z[0m [32m INFO[0m [2mdynamo_runtime::system_status_server[0m[2m:[0m [spawn_system_status_server] binding to: 0.0.0.0:7503
[2m2026-10-07T08:02:09.422832Z[0m [32m INFO[0m [2mdynamo_runtime::system_status_server[0m[2m:[0m [spawn_system_status_server] system status server bound to: 0.0.0.0:7503
[2m2026-10-07T08:02:09.422858Z[0m [32m INFO[0m [2mdynamo_runtime::distributed[0m[2m:[0m System HTTP listener started [3maddress[0m[2m=[0m0.0.0.0:7503 [3mpolicy[0m[2m=[0mWorker
[2m2026-10-07T08:02:09.423016Z[0m [32m INFO[0m [2mgraceful_shutdown.install_signal_handlers[0m[2m:[0m Signal handlers set up for graceful shutdown (discovery unregister + grace period)
[2m2026-10-07T08:02:09.423130Z[0m [32m INFO[0m [2mmain.worker[0m[2m:[0m Initializing the worker with config: Config(allowed_local_media_path='', attn_backend='VANILLA', component='backend', connector=[], conversation_affinity=True, conversation_affinity_dp_rank_source='engine', custom_jinja_template=None, default_guidance_scale=5.0, default_height=480, default_num_frames=81, default_num_images_per_prompt=1, default_num_inference_steps=50, default_width=832, disable_torch_compile=False, disaggregation_mode=<DisaggregationMode.DECODE: 'decode'>, discovery_backend='etcd', dit_cfg_size=1, dit_ring_size=1, dit_ulysses_size=1, dump_config_to=None, dyn_default_thinking_mode=None, dyn_enable_structural_tag=False, dyn_reasoning_parser=None, dyn_structural_tag_schema='auto', dyn_structural_tag_scope='auto', dyn_tool_call_parser=None, enable_attention_dp=False, enable_cuda_graph=False, enable_fullgraph=False, enable_layerwise_nvtx_marker=False, enable_local_indexer=True, enable_multimodal=False, enable_teacache=False, encode_endpoint='', endpoint='generate', endpoint_types='chat,completions', engine_request_limit=None, event_plane=None, exclude_tools_when_tool_choice_none=True, expert_parallel_size=None, extra_engine_args='/logs/trtllm_config_decode.yaml', fpm_trace=False, free_gpu_memory_fraction=0.9, frontend_decoding=False, gpus_per_node=None, guided_decoding_backend=None, health_check_payload=None, kv_block_size=32, kv_state_endpoint=None, load_format='auto', max_batch_size=2048, max_beam_width=1, max_file_size_mb=50, max_num_tokens=8192, max_seq_len=None, media_output_fs_url='file:///tmp/dynamo_media', media_output_http_url=None, modality=<Modality.TEXT: 'text'>, model='/model', model_loader_extra_config='', multimodal_embedding_cache_capacity_gb=0, multimodal_embedding_cache_publisher=False, namespace='dynamo', nats_tls_ca_cert_path=None, nats_tls_client_cert_path=None, nats_tls_client_key_path=None, nats_tls_insecure=False, output_modalities=['text'], override_engine_args='', pipeline_parallel_size=1, publish_forward_pass_metrics=True, publish_kv_events=False, publish_metrics=True, quant_algo=None, quant_dynamic=True, request_plane='tcp', response_plane='tcp', revision=None, router_advertisement=WorkerRouterConfig(active_decode_blocks_threshold=None, active_prefill_tokens_threshold=None, active_prefill_tokens_threshold_frac=None, conditional_disagg_config=None, conditional_disagg_decode_busy_threshold=None, conditional_disagg_eff_isl_ratio_threshold=0.7, conditional_disagg_eff_isl_threshold=2048, conditional_disagg_enabled=False, conditional_disagg_policy='isl_bounding', conditional_disagg_prefill_busy_threshold=None, decode_active_request_weight=0.0, disk_cache_hit_weight=0.25, enable_session_prefix_index=False, enforce_disagg=False, host_cache_hit_weight=0.75, load_aware=False, min_initial_workers=0, overlap_score_credit=1.0, overlap_score_credit_decay=0.0, overlap_score_weight=None, prefill_load_scale=1.0, router_approximate_cache_policy='ttl', router_assume_kv_reuse=True, router_decode_policy=None, router_event_threads=4, router_mode='least-loaded', router_policy_config=None, router_predicted_ttl_secs=None, router_prefill_load_model='none', router_prefill_policy=None, router_queue_policy='fcfs', router_queue_threshold=None, router_replica_sync=False, router_temperature=0.0, router_track_active_blocks=True, router_track_output_blocks=False, router_track_prefill_tokens=True, router_tracking_hash='public-xxh3-v1', router_tracking_key_file=None, router_tracking_key_id=None, router_ttl_secs=120.0, serve_indexer=False, session_affinity_mode='hard', session_affinity_ttl_secs=None, shared_cache_multiplier=None, shared_cache_type='none', use_kv_events=True, use_remote_indexer=False), served_model_name='GLM-5.2', skip_warmup=False, tcp_tls_ca_cert_path=None, tcp_tls_cert_path=None, tcp_tls_client_ca_cert_path=None, tcp_tls_client_cert_path=None, tcp_tls_client_key_path=None, tcp_tls_handshake_timeout_secs=None, tcp_tls_insecure=False, tcp_tls_key_path=None, tcp_tls_server_name=None, teacache_thresh=0.2, teacache_use_ret_steps=True, tensor_parallel_size=1, torch_dtype='bfloat16', use_kv_events=False)
[2m2026-10-07T08:02:09.423160Z[0m [32m INFO[0m [2m__init__.init_worker[0m[2m:[0m Initializing worker with modality=Modality.TEXT
[10/07/2026-08:02:09] [TRT-LLM] [I] [llmapi] YAML overrides kv_cache_config because it's specified in /logs/trtllm_config_decode.yaml
[2m2026-10-07T08:02:09.425962Z[0m [33m WARN[0m [2mllm_worker._strip_postprocess_workers[0m[2m:[0m num_postprocess_workers=4 was set in engine config but will be ignored: Dynamo manages its own post-processing pipeline and does not make TRT-LLM's num_postprocess_workers effective. The setting has been removed.
[2m2026-10-07T08:02:09.426139Z[0m [32m INFO[0m [2mllm_worker.init_llm_worker[0m[2m:[0m kvbm package not installed - skipping KV event consolidator setup.
[2m2026-10-07T08:02:09.426208Z[0m [32m INFO[0m [2mllm_worker.init_llm_worker[0m[2m:[0m TensorRT-LLM engine args: {'model': '/model', 'scheduler_config': {'capacity_scheduler_policy': 'GUARANTEED_NO_EVICT'}, 'tensor_parallel_size': 8, 'pipeline_parallel_size': 1, 'moe_expert_parallel_size': 8, 'enable_attention_dp': True, 'backend': 'pytorch', 'kv_cache_config': KvCacheConfig(enable_block_reuse=False, max_tokens=None, max_attention_window=None, sink_token_length=None, free_gpu_memory_fraction=0.9, host_cache_size=0, disk_cache_size=None, disk_cache_path=None, cross_kv_cache_fraction=None, secondary_offload_min_priority=None, event_buffer_max_size=0, attention_dp_events_gather_period_ms=5, enable_partial_reuse=True, copy_on_partial_reuse=True, use_uvm=False, max_gpu_total_bytes=0, iteration_stats_interval=1, dtype='nvfp4', mamba_ssm_cache_dtype='auto', mamba_ssm_stochastic_rounding=False, mamba_ssm_philox_rounds=10, tokens_per_block=64, mamba_state_cache_interval=None, mamba_state_config=MambaStateConfig(periodic_snapshot_interval=0, additional_snapshot_offsets_from_start=[], additional_snapshot_offsets_from_end=[], enable_branch_snapshot=False), use_kv_cache_manager_v2='auto', enable_swa_scratch_reuse=False, kv_cache_event_hash_algo='auto', max_util_for_resume=0.95, enable_kv_pool_rebalance=False, disk_prefetch_num_reqs=0, fp8_context_mla_kv_len_cap=None, pool_ratio=None, avg_seq_len=None, block_reuse_config=BlockReuseConfig(policy='all_reusable', max_num_turns=1)), 'gpus_per_node': 4, 'max_num_tokens': 192, 'max_seq_len': 1048576, 'max_beam_width': 1, 'max_batch_size': 24, 'return_perf_metrics': False, 'enable_iter_perf_stats': False, 'kv_connector_config': None, 'load_format': 'auto', 'cache_transceiver_config': {'backend': 'NIXL', 'kv_cache_bounce_size_mb': 5120, 'kv_transfer_timeout_ms': 600000, 'max_tokens_in_buffer': 1048576, 'transceiver_runtime': 'PYTHON'}, 'cuda_graph_config': {'batch_sizes': [1, 2, 3, 4, 5, 6, 7, 8, 9, 10, 11, 12, 13, 14, 15, 16, 17, 18, 19, 20, 21, 22, 23, 24], 'enable_padding': True}, 'enable_lm_head_tp_in_adp': True, 'moe_config': MoeConfig(backend='MEGAMOE_CUTEDSL', max_num_tokens=None, load_balancer=None, disable_finalize_fusion=False, use_low_precision_moe_combine=True), 'perf_metrics_max_requests': 100000, 'print_iter_log': True, 'sparse_attention_config': {'algorithm': 'dsa', 'enable_heuristic_topk': True, 'use_cute_dsl_paged_mqa_logits': True}, 'speculative_config': {'decoding_type': 'MTP', 'max_draft_len': 5}, 'stream_interval': 20, 'trust_remote_code': True}
[10/07/2026-08:02:09] [TRT-LLM] [W] [tokenizr] AutoTokenizer.from_pretrained(/model) raised StrictDataclassClassValidationError: Class validation error for validator 'validate_layer_type':
    ValueError: The `layer_types` entries must be in ('full_attention', 'sliding_attention', 'chunked_attention', 'linear_attention', 'conv', 'mamba', 'attention', 'sparse', 'dense', 'hybrid', 'moe') but got ['deepseek_sparse_attention', 'deepseek_sparse_attention', 'deepseek_sparse_attention', 'deepseek_sparse_attention', 'deepseek_sparse_attention', 'deepseek_sparse_attention', 'deepseek_sparse_attention', 'deepseek_sparse_attention', 'deepseek_sparse_attention', 'deepseek_sparse_attention', 'deepseek_sparse_attention', 'deepseek_sparse_attention', 'deepseek_sparse_attention', 'deepseek_sparse_attention', 'deepseek_sparse_attention', 'deepseek_sparse_attention', 'deepseek_sparse_attention', 'deepseek_sparse_attention', 'deepseek_sparse_attention', 'deepseek_sparse_attention', 'deepseek_sparse_attention', 'deepseek_sparse_attention', 'deepseek_sparse_attention', 'deepseek_sparse_attention', 'deepseek_sparse_attention', 'deepseek_sparse_attention', 'deepseek_sparse_attention', 'deepseek_sparse_attention', 'deepseek_sparse_attention', 'deepseek_sparse_attention', 'deepseek_sparse_attention', 'deepseek_sparse_attention', 'deepseek_sparse_attention', 'deepseek_sparse_attention', 'deepseek_sparse_attention', 'deepseek_sparse_attention', 'deepseek_sparse_attention', 'deepseek_sparse_attention', 'deepseek_sparse_attention', 'deepseek_sparse_attention', 'deepseek_sparse_attention', 'deepseek_sparse_attention', 'deepseek_sparse_attention', 'deepseek_sparse_attention', 'deepseek_sparse_attention', 'deepseek_sparse_attention', 'deepseek_sparse_attention', 'deepseek_sparse_attention', 'deepseek_sparse_attention', 'deepseek_sparse_attention', 'deepseek_sparse_attention', 'deepseek_sparse_attention', 'deepseek_sparse_attention', 'deepseek_sparse_attention', 'deepseek_sparse_attention', 'deepseek_sparse_attention', 'deepseek_sparse_attention', 'deepseek_sparse_attention', 'deepseek_sparse_attention', 'deepseek_sparse_attention', 'deepseek_sparse_attention', 'deepseek_sparse_attention', 'deepseek_sparse_attention', 'deepseek_sparse_attention', 'deepseek_sparse_attention', 'deepseek_sparse_attention', 'deepseek_sparse_attention', 'deepseek_sparse_attention', 'deepseek_sparse_attention', 'deepseek_sparse_attention', 'deepseek_sparse_attention', 'deepseek_sparse_attention', 'deepseek_sparse_attention', 'deepseek_sparse_attention', 'deepseek_sparse_attention', 'deepseek_sparse_attention', 'deepseek_sparse_attention', 'deepseek_sparse_attention']. Falling back to PreTrainedTokenizerFast to bypass HF dataclass regression (model_type likely not registered in CONFIG_MAPPING_NAMES). Inherited from tokenizer_config.json: ['clean_up_tokenization_spaces', 'model_max_length', 'padding_side']
W1007 08:02:09.619000 100953 torch/utils/_pytree.py:630] <enum 'KernelPreference'> is an Enum subclass and is now natively supported by torch.compile as an opaque value type. Calling register_constant() on Enum subclasses is deprecated and will be an error in a future release.
W1007 08:02:09.635000 100953 torch/utils/_pytree.py:630] <enum 'ScaleCalculationMode'> is an Enum subclass and is now natively supported by torch.compile as an opaque value type. Calling register_constant() on Enum subclasses is deprecated and will be an error in a future release.
[10/07/2026-08:02:09] [TRT-LLM] [I] [_torch] flashinfer is available: 0.6.18.post1
[10/07/2026-08:02:09] [TRT-LLM] [I] [_torch] flashinfer is available: 0.6.18.post1
[10/07/2026-08:02:09] [TRT-LLM] [I] [_torch] flashinfer is available: 0.6.18.post1
[10/07/2026-08:02:09] [TRT-LLM] [I] [_torch] cuBLASLt FP4 GEMM is available
[10/07/2026-08:02:09] [TRT-LLM] [I] [_torch] cuBLASLt FP4 GEMM is available
[10/07/2026-08:02:09] [TRT-LLM] [I] [_torch] cuBLASLt FP4 GEMM is available
          |
[1791360125.622414] [vr-r42-cn01:102049:0]   +--------------------------------+-------------------------------------------------+-----------------------------------------------------------------+
[1791360125.622415] [vr-r42-cn01:102049:0]   |                        0..2038 | eager short                                     | rc_mlx5/mlx5_0:1/path0                                          |
[1791360125.622415] [vr-r42-cn01:102049:0]   |                     2039..8246 | eager zero-copy copy-out                        | rc_mlx5/mlx5_0:1/path0                                          |
[1791360125.622415] [vr-r42-cn01:102049:0]   |                    8247..36272 | multi-frag eager zero-copy copy-out             | rc_mlx5/mlx5_0:1/path0                                          |
[1791360125.622415] [vr-r42-cn01:102049:0]   |                     36273..inf | (?) rendezvous zero-copy fenced write to remote | 50% on rc_mlx5/mlx5_0:1/path0 and 50% on rc_mlx5/mlx5_6:1/path0 |
[1791360125.622415] [vr-r42-cn01:102049:0]   +--------------------------------+-------------------------------------------------+-----------------------------------------------------------------+
[1791360125.622514] [vr-r42-cn01:102049:0]   +--------------------------------+-------------------------------------------------------------------------------------------------------------------+
[1791360125.622515] [vr-r42-cn01:102049:0]   | ucp_context_0 inter-node cfg#3 | tagged message by ucp_tag_send*(fast-completion) from host memory                                                 |
[1791360125.622515] [vr-r42-cn01:102049:0]   +--------------------------------+-------------------------------------------------+-----------------------------------------------------------------+
[1791360125.622515] [vr-r42-cn01:102049:0]   |                        0..2038 | eager short                                     | rc_mlx5/mlx5_0:1/path0                                          |
[1791360125.622515] [vr-r42-cn01:102049:0]   |                     2039..8246 | eager copy-in copy-out                          | rc_mlx5/mlx5_0:1/path0                                          |
[1791360125.622516] [vr-r42-cn01:102049:0]   |                    8247..11999 | multi-frag eager copy-in copy-out               | rc_mlx5/mlx5_0:1/path0                                          |
[1791360125.622516] [vr-r42-cn01:102049:0]   |                  12000..262143 | multi-frag eager zero-copy copy-out             | rc_mlx5/mlx5_0:1/path0                                          |
[1791360125.622516] [vr-r42-cn01:102049:0]   |                      256K..inf | (?) rendezvous zero-copy fenced write to remote | 50% on rc_mlx5/mlx5_0:1/path0 and 50% on rc_mlx5/mlx5_6:1/path0 |
[1791360125.622516] [vr-r42-cn01:102049:0]   +--------------------------------+-------------------------------------------------+-----------------------------------------------------------------+
[1791360125.622735] [vr-r42-cn01:102049:0]   +--------------------------------+-------------------------------------------------------------------------------------------------------------------+
[1791360125.622735] [vr-r42-cn01:102049:0]   | ucp_context_0 inter-node cfg#3 | tagged message by ucp_tag_send*(multi) from host memory                                                           |
[1791360125.622736] [vr-r42-cn01:102049:0]   +--------------------------------+-------------------------------------------------+-----------------------------------------------------------------+
[1791360125.622736] [vr-r42-cn01:102049:0]   |                         0..514 | eager short                                     | rc_mlx5/mlx5_0:1/path0                                          |
[1791360125.622736] [vr-r42-cn01:102049:0]   |                      515..6065 | eager zero-copy copy-out                        | rc_mlx5/mlx5_0:1/path0                                          |
[1791360125.622736] [vr-r42-cn01:102049:0]   |                      6066..inf | (?) rendezvous zero-copy fenced write to remote | 50% on rc_mlx5/mlx5_0:1/path0 and 50% on rc_mlx5/mlx5_6:1/path0 |
[1791360125.622736] [vr-r42-cn01:102049:0]   +--------------------------------+-------------------------------------------------+-----------------------------------------------------------------+
[TRT-LLM] [I] [RANK 0] Set logger level to I
W1007 08:02:10.128000 101696 torch/utils/_pytree.py:630] <enum 'KernelPreference'> is an Enum subclass and is now natively supported by torch.compile as an opaque value type. Calling register_constant() on Enum subclasses is deprecated and will be an error in a future release.
W1007 08:02:10.134000 101971 torch/utils/_pytree.py:630] <enum 'KernelPreference'> is an Enum subclass and is now natively supported by torch.compile as an opaque value type. Calling register_constant() on Enum subclasses is deprecated and will be an error in a future release.
W1007 08:02:10.159000 101696 torch/utils/_pytree.py:630] <enum 'ScaleCalculationMode'> is an Enum subclass and is now natively supported by torch.compile as an opaque value type. Calling register_constant() on Enum subclasses is deprecated and will be an error in a future release.
W1007 08:02:10.166000 101971 torch/utils/_pytree.py:630] <enum 'ScaleCalculationMode'> is an Enum subclass and is now natively supported by torch.compile as an opaque value type. Calling register_constant() on Enum subclasses is deprecated and will be an error in a future release.
[10/07/2026-08:02:10] [TRT-LLM] [I] [_torch] cutlass dsl is available
[10/07/2026-08:02:10] [TRT-LLM] [I] [_torch] cutlass dsl internal (rubin) is available
[2m2026-10-07T08:02:10.304911Z[0m [32m INFO[0m [2mllm_worker.init_llm_worker[0m[2m:[0m Registering model with endpoint types: chat,completions
[2m2026-10-07T08:02:10.304988Z[0m [32m INFO[0m [2mllm_worker.init_llm_worker[0m[2m:[0m Skipping NIXL Connect initialization (aggregated mode).
[10/07/2026-08:02:10] [TRT-LLM] [W] [llmapi] Logger level already set from environment. Discard new verbosity: info
[10/07/2026-08:02:10] [TRT-LLM] [I] [llmapi] Using LLM with PyTorch backend
[10/07/2026-08:02:10] [TRT-LLM] [I] [llmapi] neither checkpoint_format nor checkpoint_loader were provided, checkpoint_format will be set to HF.
[10/07/2026-08:02:10] [TRT-LLM] [W] [llmapi] Logger level already set from environment. Discard new verbosity: info
[10/07/2026-08:02:10] [TRT-LLM] [I] [llmapi] start MpiSession with 8 workers
[10/07/2026-08:02:10] [TRT-LLM] [I] [llmapi] Found /model/hf_quant_config.json, pre-quantized checkpoint is used.
[10/07/2026-08:02:10] [TRT-LLM] [W] [quantize] Inline 'config.json.quantization_config' diverges from 'hf_quant_config.json':
  - group_size: file=16, inline=None
[10/07/2026-08:02:10] [TRT-LLM] [I] [llmapi] Setting quant_algo=NVFP4 from HF quant config.
[10/07/2026-08:02:10] [TRT-LLM] [W] [llmapi] Overriding checkpoint kv_cache_quant_algo=FP8 with explicit kv_cache_config.dtype=NVFP4.
[10/07/2026-08:02:10] [TRT-LLM] [I] [llmapi] Setting group_size=16 from HF quant config.
[10/07/2026-08:02:10] [TRT-LLM] [I] [llmapi] Setting exclude_modules=['lm_head', 'model.embed_tokens', 'model.layers.0*', 'model.layers.1.*', 'model.layers.10.mlp.shared... from HF quant config.
[10/07/2026-08:02:10] [TRT-LLM] [W] [tokenizr] AutoTokenizer.from_pretrained(/model) raised StrictDataclassClassValidationError: Class validation error for validator 'validate_layer_type':
    ValueError: The `layer_types` entries must be in ('full_attention', 'sliding_attention', 'chunked_attention', 'linear_attention', 'conv', 'mamba', 'attention', 'sparse', 'dense', 'hybrid', 'moe') but got ['deepseek_sparse_attention', 'deepseek_sparse_attention', 'deepseek_sparse_attention', 'deepseek_sparse_attention', 'deepseek_sparse_attention', 'deepseek_sparse_attention', 'deepseek_sparse_attention', 'deepseek_sparse_attention', 'deepseek_sparse_attention', 'deepseek_sparse_attention', 'deepseek_sparse_attention', 'deepseek_sparse_attention', 'deepseek_sparse_attention', 'deepseek_sparse_attention', 'deepseek_sparse_attention', 'deepseek_sparse_attention', 'deepseek_sparse_attention', 'deepseek_sparse_attention', 'deepseek_sparse_attention', 'deepseek_sparse_attention', 'deepseek_sparse_attention', 'deepseek_sparse_attention', 'deepseek_sparse_attention', 'deepseek_sparse_attention', 'deepseek_sparse_attention', 'deepseek_sparse_attention', 'deepseek_sparse_attention', 'deepseek_sparse_attention', 'deepseek_sparse_attention', 'deepseek_sparse_attention', 'deepseek_sparse_attention', 'deepseek_sparse_attention', 'deepseek_sparse_attention', 'deepseek_sparse_attention', 'deepseek_sparse_attention', 'deepseek_sparse_attention', 'deepseek_sparse_attention', 'deepseek_sparse_attention', 'deepseek_sparse_attention', 'deepseek_sparse_attention', 'deepseek_sparse_attention', 'deepseek_sparse_attention', 'deepseek_sparse_attention', 'deepseek_sparse_attention', 'deepseek_sparse_attention', 'deepseek_sparse_attention', 'deepseek_sparse_attention', 'deepseek_sparse_attention', 'deepseek_sparse_attention', 'deepseek_sparse_attention', 'deepseek_sparse_attention', 'deepseek_sparse_attention', 'deepseek_sparse_attention', 'deepseek_sparse_attention', 'deepseek_sparse_attention', 'deepseek_sparse_attention', 'deepseek_sparse_attention', 'deepseek_sparse_attention', 'deepseek_sparse_attention', 'deepseek_sparse_attention', 'deepseek_sparse_attention', 'deepseek_sparse_attention', 'deepseek_sparse_attention', 'deepseek_sparse_attention', 'deepseek_sparse_attention', 'deepseek_sparse_attention', 'deepseek_sparse_attention', 'deepseek_sparse_attention', 'deepseek_sparse_attention', 'deepseek_sparse_attention', 'deepseek_sparse_attention', 'deepseek_sparse_attention', 'deepseek_sparse_attention', 'deepseek_sparse_attention', 'deepseek_sparse_attention', 'deepseek_sparse_attention', 'deepseek_sparse_attention', 'deepseek_sparse_attention']. Falling back to PreTrainedTokenizerFast to bypass HF dataclass regression (model_type likely not registered in CONFIG_MAPPING_NAMES). Inherited from tokenizer_config.json: ['clean_up_tokenization_spaces', 'model_max_length', 'padding_side']
42-cn05:101262:0]   +--------------------------------+-------------------------------------------------+-----------------------------------------------------------------+
[1791360125.532482] [vr-r42-cn05:101262:0]   +--------------------------------+-------------------------------------------------------------------------------------------------------------------+
[1791360125.532482] [vr-r42-cn05:101262:0]   | ucp_context_0 intra-node cfg#1 | tagged message by ucp_tag_send*(fast-completion) from host memory                                                 |
[1791360125.532483] [vr-r42-cn05:101262:0]   +--------------------------------+-------------------------------------------------+-----------------------------------------------------------------+
[1791360125.532483] [vr-r42-cn05:101262:0]   |                          0..92 | eager short                                     | sysv/memory                                                     |
[1791360125.532483] [vr-r42-cn05:101262:0]   |                       93..8248 | eager copy-in copy-out                          | sysv/memory                                                     |
[1791360125.532483] [vr-r42-cn05:101262:0]   |                   8249..262143 | multi-frag eager copy-in copy-out               | sysv/memory                                                     |
[1791360125.532483] [vr-r42-cn05:101262:0]   |                      256K..inf | (?) rendezvous zero-copy fenced write to remote | 50% on rc_mlx5/mlx5_0:1/path0 and 50% on rc_mlx5/mlx5_6:1/path0 |
[1791360125.532484] [vr-r42-cn05:101262:0]   +--------------------------------+-------------------------------------------------+-----------------------------------------------------------------+
[1791360125.532640] [vr-r42-cn05:101262:0]   +--------------------------------+-------------------------------------------------------------------------------------------------------------------+
[1791360125.532640] [vr-r42-cn05:101262:0]   | ucp_context_0 intra-node cfg#1 | tagged message by ucp_tag_send*(multi) from host memory                                                           |
[1791360125.532640] [vr-r42-cn05:101262:0]   +--------------------------------+-------------------------------------------------+-----------------------------------------------------------------+
[1791360125.532641] [vr-r42-cn05:101262:0]   |                          0..92 | eager short                                     | sysv/memory                                                     |
[1791360125.532641] [vr-r42-cn05:101262:0]   |                       93..4940 | eager copy-in copy-out                          | sysv/memory                                                     |
[1791360125.532641] [vr-r42-cn05:101262:0]   |                      4941..inf | (?) rendezvous zero-copy fenced write to remote | 50% on rc_mlx5/mlx5_0:1/path0 and 50% on rc_mlx5/mlx5_6:1/path0 |
[1791360125.532641] [vr-r42-cn05:101262:0]   +--------------------------------+-------------------------------------------------+-----------------------------------------------------------------+
[1791360125.803946] [vr-r42-cn05:101262:0]      ucp_worker.c:1984 UCX  INFO    ucp_context_0 inter-node cfg#2 tag(rc_mlx5/mlx5_0:1 rc_mlx5/mlx5_6:1 rc_mlx5/mlx5_0:1 rc_mlx5/mlx5_6:1)
[1791360125.804215] [vr-r42-cn05:101262:0]   +--------------------------------+-------------------------------------------------------------------------------------------------------------------+
[1791360125.804216] [vr-r42-cn05:101262:0]   | ucp_context_0 inter-node cfg#2 | tagged message by ucp_tag_send* from host memory                                                                  |
[1791360125.804216] [vr-r42-cn05:101262:0]   +--------------------------------+-------------------------------------------------+-----------------------------------------------------------------+
[1791360125.804216] [vr-r42-cn05:101262:0]   |                        0..2038 | eager short                                     | rc_mlx5/mlx5_0:1/path0                                          |
[1791360125.804217] [vr-r42-cn05:101262:0]   |                     2039..8246 | eager zero-copy copy-out                        | rc_mlx5/mlx5_0:1/path0                                          |
[1791360125.804217] [vr-r42-cn05:101262:0]   |                    8247..36272 | multi-frag eager zero-copy copy-out             | rc_mlx5/mlx5_0:1/path0                                          |
[1791360125.804217] [vr-r42-cn05:101262:0]   |                     36273..inf | (?) rendezvous zero-copy fenced write to remote | 50% on rc_mlx5/mlx5_0:1/path0 and 50% on rc_mlx5/mlx5_6:1/path0 |
[1791360125.804217] [vr-r42-cn05:101262:0]   +--------------------------------+-------------------------------------------------+-----------------------------------------------------------------+
[1791360125.804315] [vr-r42-cn05:101262:0]   +--------------------------------+-------------------------------------------------------------------------------------------------------------------+
[1791360125.804315] [vr-r42-cn05:101262:0]   | ucp_context_0 inter-node cfg#2 | tagged message by ucp_tag_send*(fast-completion) from host memory                                                 |
[1791360125.804315] [vr-r42-cn05:101262:0]   +--------------------------------+-------------------------------------------------+-----------------------------------------------------------------+
[1791360125.804316] [vr-r42-cn05:101262:0]   |                        0..2038 | eager short                                     | rc_mlx5/mlx5_0:1/path0                                          |
[1791360125.804316] [vr-r42-cn05:101262:0]   |                     2039..8246 | eager copy-in copy-out                          | rc_mlx5/mlx5_0:1/path0                                          |
[1791360125.804316] [vr-r42-cn05:101262:0]   |                    8247..11999 | multi-frag eager copy-in copy-out               | rc_mlx5/mlx5_0:1/path0                                          |
[1791360125.804316] [vr-r42-cn05:101262:0]   |                  12000..262143 | multi-frag eager zero-copy copy-out             | rc_mlx5/mlx5_0:1/path0                                          |
[1791360125.804316] [vr-r42-cn05:101262:0]   |                      256K..inf | (?) rendezvous zero-copy fenced write to remote | 50% on rc_mlx5/mlx5_0:1/path0 and 50% on rc_mlx5/mlx5_6:1/path0 |
[1791360125.804317] [vr-r42-cn05:101262:0]   +--------------------------------+-------------------------------------------------+-----------------------------------------------------------------+
[1791360125.804536] [vr-r42-cn05:101262:0]   +--------------------------------+-------------------------------------------------------------------------------------------------------------------+
[1791360125.804536] [vr-r42-cn05:101262:0]   | ucp_context_0 inter-node cfg#2 | tagged message by ucp_tag_send*(multi) from host memory                                                           |
[1791360125.804536] [vr-r42-cn05:101262:0]   +--------------------------------+-------------------------------------------------+-----------------------------------------------------------------+
[1791360125.804537] [vr-r42-cn05:101262:0]   |                         0..514 | eager short                                     | rc_mlx5/mlx5_0:1/path0                                          |
[1791360125.804537] [vr-r42-cn05:101262:0]   |                      515..6065 | eager zero-copy copy-out                        | rc_mlx5/mlx5_0:1/path0                                          |
[1791360125.804537] [vr-r42-cn05:101262:0]   |                      6066..inf | (?) rendezvous zero-copy fenced write to remote | 50% on rc_mlx5/mlx5_0:1/path0 and 50% on rc_mlx5/mlx5_6:1/path0 |
[1791360125.804537] [vr-r42-cn05:101262:0]   +--------------------------------+-------------------------------------------------+-----------------------------------------------------------------+
[TRT-LLM] [I] [RANK 7] Set logger level to I
42-cn05:101268:0]   +--------------------------------+-------------------------------------------------+-----------------------------------------------------------------+
[1791360125.534274] [vr-r42-cn05:101268:0]   +--------------------------------+-------------------------------------------------------------------------------------------------------------------+
[1791360125.534275] [vr-r42-cn05:101268:0]   | ucp_context_0 intra-node cfg#1 | tagged message by ucp_tag_send*(fast-completion) from host memory                                                 |
[1791360125.534275] [vr-r42-cn05:101268:0]   +--------------------------------+-------------------------------------------------+-----------------------------------------------------------------+
[1791360125.534275] [vr-r42-cn05:101268:0]   |                          0..92 | eager short                                     | sysv/memory                                                     |
[1791360125.534275] [vr-r42-cn05:101268:0]   |                       93..8248 | eager copy-in copy-out                          | sysv/memory                                                     |
[1791360125.534275] [vr-r42-cn05:101268:0]   |                   8249..262143 | multi-frag eager copy-in copy-out               | sysv/memory                                                     |
[1791360125.534275] [vr-r42-cn05:101268:0]   |                      256K..inf | (?) rendezvous zero-copy fenced write to remote | 50% on rc_mlx5/mlx5_0:1/path0 and 50% on rc_mlx5/mlx5_6:1/path0 |
[1791360125.534276] [vr-r42-cn05:101268:0]   +--------------------------------+-------------------------------------------------+-----------------------------------------------------------------+
[1791360125.534433] [vr-r42-cn05:101268:0]   +--------------------------------+-------------------------------------------------------------------------------------------------------------------+
[1791360125.534433] [vr-r42-cn05:101268:0]   | ucp_context_0 intra-node cfg#1 | tagged message by ucp_tag_send*(multi) from host memory                                                           |
[1791360125.534433] [vr-r42-cn05:101268:0]   +--------------------------------+-------------------------------------------------+-----------------------------------------------------------------+
[1791360125.534434] [vr-r42-cn05:101268:0]   |                          0..92 | eager short                                     | sysv/memory                                                     |
[1791360125.534434] [vr-r42-cn05:101268:0]   |                       93..4940 | eager copy-in copy-out                          | sysv/memory                                                     |
[1791360125.534434] [vr-r42-cn05:101268:0]   |                      4941..inf | (?) rendezvous zero-copy fenced write to remote | 50% on rc_mlx5/mlx5_0:1/path0 and 50% on rc_mlx5/mlx5_6:1/path0 |
[1791360125.534434] [vr-r42-cn05:101268:0]   +--------------------------------+-------------------------------------------------+-----------------------------------------------------------------+
[1791360125.803831] [vr-r42-cn05:101268:0]      ucp_worker.c:1984 UCX  INFO    ucp_context_0 inter-node cfg#2 tag(rc_mlx5/mlx5_0:1 rc_mlx5/mlx5_6:1 rc_mlx5/mlx5_0:1 rc_mlx5/mlx5_6:1)
[1791360125.804114] [vr-r42-cn05:101268:0]   +--------------------------------+-------------------------------------------------------------------------------------------------------------------+
[1791360125.804114] [vr-r42-cn05:101268:0]   | ucp_context_0 inter-node cfg#2 | tagged message by ucp_tag_send* from host memory                                                                  |
[1791360125.804115] [vr-r42-cn05:101268:0]   +--------------------------------+-------------------------------------------------+-----------------------------------------------------------------+
[1791360125.804115] [vr-r42-cn05:101268:0]   |                        0..2038 | eager short                                     | rc_mlx5/mlx5_0:1/path0                                          |
[1791360125.804115] [vr-r42-cn05:101268:0]   |                     2039..8246 | eager zero-copy copy-out                        | rc_mlx5/mlx5_0:1/path0                                          |
[1791360125.804115] [vr-r42-cn05:101268:0]   |                    8247..36272 | multi-frag eager zero-copy copy-out             | rc_mlx5/mlx5_0:1/path0                                          |
[1791360125.804116] [vr-r42-cn05:101268:0]   |                     36273..inf | (?) rendezvous zero-copy fenced write to remote | 50% on rc_mlx5/mlx5_0:1/path0 and 50% on rc_mlx5/mlx5_6:1/path0 |
[1791360125.804116] [vr-r42-cn05:101268:0]   +--------------------------------+-------------------------------------------------+-----------------------------------------------------------------+
[1791360125.804225] [vr-r42-cn05:101268:0]   +--------------------------------+-------------------------------------------------------------------------------------------------------------------+
[1791360125.804225] [vr-r42-cn05:101268:0]   | ucp_context_0 inter-node cfg#2 | tagged message by ucp_tag_send*(fast-completion) from host memory                                                 |
[1791360125.804225] [vr-r42-cn05:101268:0]   +--------------------------------+-------------------------------------------------+-----------------------------------------------------------------+
[1791360125.804226] [vr-r42-cn05:101268:0]   |                        0..2038 | eager short                                     | rc_mlx5/mlx5_0:1/path0                                          |
[1791360125.804226] [vr-r42-cn05:101268:0]   |                     2039..8246 | eager copy-in copy-out                          | rc_mlx5/mlx5_0:1/path0                                          |
[1791360125.804226] [vr-r42-cn05:101268:0]   |                    8247..11999 | multi-frag eager copy-in copy-out               | rc_mlx5/mlx5_0:1/path0                                          |
[1791360125.804226] [vr-r42-cn05:101268:0]   |                  12000..262143 | multi-frag eager zero-copy copy-out             | rc_mlx5/mlx5_0:1/path0                                          |
[1791360125.804226] [vr-r42-cn05:101268:0]   |                      256K..inf | (?) rendezvous zero-copy fenced write to remote | 50% on rc_mlx5/mlx5_0:1/path0 and 50% on rc_mlx5/mlx5_6:1/path0 |
[1791360125.804227] [vr-r42-cn05:101268:0]   +--------------------------------+-------------------------------------------------+-----------------------------------------------------------------+
[1791360125.804451] [vr-r42-cn05:101268:0]   +--------------------------------+-------------------------------------------------------------------------------------------------------------------+
[1791360125.804451] [vr-r42-cn05:101268:0]   | ucp_context_0 inter-node cfg#2 | tagged message by ucp_tag_send*(multi) from host memory                                                           |
[1791360125.804451] [vr-r42-cn05:101268:0]   +--------------------------------+-------------------------------------------------+-----------------------------------------------------------------+
[1791360125.804452] [vr-r42-cn05:101268:0]   |                         0..514 | eager short                                     | rc_mlx5/mlx5_0:1/path0                                          |
[1791360125.804452] [vr-r42-cn05:101268:0]   |                      515..6065 | eager zero-copy copy-out                        | rc_mlx5/mlx5_0:1/path0                                          |
[1791360125.804452] [vr-r42-cn05:101268:0]   |                      6066..inf | (?) rendezvous zero-copy fenced write to remote | 50% on rc_mlx5/mlx5_0:1/path0 and 50% on rc_mlx5/mlx5_6:1/path0 |
[1791360125.804452] [vr-r42-cn05:101268:0]   +--------------------------------+-------------------------------------------------+-----------------------------------------------------------------+
[TRT-LLM] [I] [RANK 6] Set logger level to I
[10/07/2026-08:02:10] [TRT-LLM] [I] [_torch] flashinfer is available: 0.6.18.post1
[10/07/2026-08:02:10] [TRT-LLM] [I] [_torch] cuBLASLt FP4 GEMM is available
[10/07/2026-08:02:10] [TRT-LLM] [I] [_torch] cutlass dsl is available
[10/07/2026-08:02:10] [TRT-LLM] [I] [_torch] cutlass dsl internal (rubin) is available
[10/07/2026-08:02:11] [TRT-LLM] [I] [_torch] cutlass dsl is available
[10/07/2026-08:02:11] [TRT-LLM] [I] [_torch] cutlass dsl internal (rubin) is available
[10/07/2026-08:02:11] [TRT-LLM] [I] [_torch] flashinfer is available: 0.6.18.post1
[10/07/2026-08:02:11] [TRT-LLM] [I] [_torch] cuBLASLt FP4 GEMM is available
[10/07/2026-08:02:11] [TRT-LLM] [I] [_torch] flashinfer is available: 0.6.18.post1
[10/07/2026-08:02:11] [TRT-LLM] [I] [_torch] cuBLASLt FP4 GEMM is available
          |
[1791360125.804768] [vr-r42-cn05:100953:0]   +--------------------------------+-------------------------------------------------+-----------------------------------------------------------------+
[1791360125.804768] [vr-r42-cn05:100953:0]   |                        0..2038 | eager short                                     | rc_mlx5/mlx5_0:1/path0                                          |
[1791360125.804768] [vr-r42-cn05:100953:0]   |                     2039..8246 | eager zero-copy copy-out                        | rc_mlx5/mlx5_0:1/path0                                          |
[1791360125.804768] [vr-r42-cn05:100953:0]   |                    8247..36272 | multi-frag eager zero-copy copy-out             | rc_mlx5/mlx5_0:1/path0                                          |
[1791360125.804769] [vr-r42-cn05:100953:0]   |                     36273..inf | (?) rendezvous zero-copy fenced write to remote | 50% on rc_mlx5/mlx5_0:1/path0 and 50% on rc_mlx5/mlx5_6:1/path0 |
[1791360125.804769] [vr-r42-cn05:100953:0]   +--------------------------------+-------------------------------------------------+-----------------------------------------------------------------+
[1791360125.804869] [vr-r42-cn05:100953:0]   +--------------------------------+-------------------------------------------------------------------------------------------------------------------+
[1791360125.804869] [vr-r42-cn05:100953:0]   | ucp_context_0 inter-node cfg#3 | tagged message by ucp_tag_send*(fast-completion) from host memory                                                 |
[1791360125.804869] [vr-r42-cn05:100953:0]   +--------------------------------+-------------------------------------------------+-----------------------------------------------------------------+
[1791360125.804870] [vr-r42-cn05:100953:0]   |                        0..2038 | eager short                                     | rc_mlx5/mlx5_0:1/path0                                          |
[1791360125.804870] [vr-r42-cn05:100953:0]   |                     2039..8246 | eager copy-in copy-out                          | rc_mlx5/mlx5_0:1/path0                                          |
[1791360125.804870] [vr-r42-cn05:100953:0]   |                    8247..11999 | multi-frag eager copy-in copy-out               | rc_mlx5/mlx5_0:1/path0                                          |
[1791360125.804870] [vr-r42-cn05:100953:0]   |                  12000..262143 | multi-frag eager zero-copy copy-out             | rc_mlx5/mlx5_0:1/path0                                          |
[1791360125.804870] [vr-r42-cn05:100953:0]   |                      256K..inf | (?) rendezvous zero-copy fenced write to remote | 50% on rc_mlx5/mlx5_0:1/path0 and 50% on rc_mlx5/mlx5_6:1/path0 |
[1791360125.804871] [vr-r42-cn05:100953:0]   +--------------------------------+-------------------------------------------------+-----------------------------------------------------------------+
[1791360125.805103] [vr-r42-cn05:100953:0]   +--------------------------------+-------------------------------------------------------------------------------------------------------------------+
[1791360125.805104] [vr-r42-cn05:100953:0]   | ucp_context_0 inter-node cfg#3 | tagged message by ucp_tag_send*(multi) from host memory                                                           |
[1791360125.805105] [vr-r42-cn05:100953:0]   +--------------------------------+-------------------------------------------------+-----------------------------------------------------------------+
[1791360125.805106] [vr-r42-cn05:100953:0]   |                         0..514 | eager short                                     | rc_mlx5/mlx5_0:1/path0                                          |
[1791360125.805106] [vr-r42-cn05:100953:0]   |                      515..6065 | eager zero-copy copy-out                        | rc_mlx5/mlx5_0:1/path0                                          |
[1791360125.805106] [vr-r42-cn05:100953:0]   |                      6066..inf | (?) rendezvous zero-copy fenced write to remote | 50% on rc_mlx5/mlx5_0:1/path0 and 50% on rc_mlx5/mlx5_6:1/path0 |
[1791360125.805106] [vr-r42-cn05:100953:0]   +--------------------------------+-------------------------------------------------+-----------------------------------------------------------------+
[TRT-LLM] [I] [RANK 5] Set logger level to I
          |
[1791360125.623078] [vr-r42-cn01:102044:0]   +--------------------------------+-------------------------------------------------+-----------------------------------------------------------------+
[1791360125.623078] [vr-r42-cn01:102044:0]   |                        0..2038 | eager short                                     | rc_mlx5/mlx5_0:1/path0                                          |
[1791360125.623079] [vr-r42-cn01:102044:0]   |                     2039..8246 | eager zero-copy copy-out                        | rc_mlx5/mlx5_0:1/path0                                          |
[1791360125.623079] [vr-r42-cn01:102044:0]   |                    8247..36272 | multi-frag eager zero-copy copy-out             | rc_mlx5/mlx5_0:1/path0                                          |
[1791360125.623079] [vr-r42-cn01:102044:0]   |                     36273..inf | (?) rendezvous zero-copy fenced write to remote | 50% on rc_mlx5/mlx5_0:1/path0 and 50% on rc_mlx5/mlx5_6:1/path0 |
[1791360125.623079] [vr-r42-cn01:102044:0]   +--------------------------------+-------------------------------------------------+-----------------------------------------------------------------+
[1791360125.623182] [vr-r42-cn01:102044:0]   +--------------------------------+-------------------------------------------------------------------------------------------------------------------+
[1791360125.623182] [vr-r42-cn01:102044:0]   | ucp_context_0 inter-node cfg#3 | tagged message by ucp_tag_send*(fast-completion) from host memory                                                 |
[1791360125.623183] [vr-r42-cn01:102044:0]   +--------------------------------+-------------------------------------------------+-----------------------------------------------------------------+
[1791360125.623183] [vr-r42-cn01:102044:0]   |                        0..2038 | eager short                                     | rc_mlx5/mlx5_0:1/path0                                          |
[1791360125.623183] [vr-r42-cn01:102044:0]   |                     2039..8246 | eager copy-in copy-out                          | rc_mlx5/mlx5_0:1/path0                                          |
[1791360125.623183] [vr-r42-cn01:102044:0]   |                    8247..11999 | multi-frag eager copy-in copy-out               | rc_mlx5/mlx5_0:1/path0                                          |
[1791360125.623183] [vr-r42-cn01:102044:0]   |                  12000..262143 | multi-frag eager zero-copy copy-out             | rc_mlx5/mlx5_0:1/path0                                          |
[1791360125.623184] [vr-r42-cn01:102044:0]   |                      256K..inf | (?) rendezvous zero-copy fenced write to remote | 50% on rc_mlx5/mlx5_0:1/path0 and 50% on rc_mlx5/mlx5_6:1/path0 |
[1791360125.623184] [vr-r42-cn01:102044:0]   +--------------------------------+-------------------------------------------------+-----------------------------------------------------------------+
[1791360125.623403] [vr-r42-cn01:102044:0]   +--------------------------------+-------------------------------------------------------------------------------------------------------------------+
[1791360125.623404] [vr-r42-cn01:102044:0]   | ucp_context_0 inter-node cfg#3 | tagged message by ucp_tag_send*(multi) from host memory                                                           |
[1791360125.623404] [vr-r42-cn01:102044:0]   +--------------------------------+-------------------------------------------------+-----------------------------------------------------------------+
[1791360125.623404] [vr-r42-cn01:102044:0]   |                         0..514 | eager short                                     | rc_mlx5/mlx5_0:1/path0                                          |
[1791360125.623404] [vr-r42-cn01:102044:0]   |                      515..6065 | eager zero-copy copy-out                        | rc_mlx5/mlx5_0:1/path0                                          |
[1791360125.623404] [vr-r42-cn01:102044:0]   |                      6066..inf | (?) rendezvous zero-copy fenced write to remote | 50% on rc_mlx5/mlx5_0:1/path0 and 50% on rc_mlx5/mlx5_6:1/path0 |
[1791360125.623405] [vr-r42-cn01:102044:0]   +--------------------------------+-------------------------------------------------+-----------------------------------------------------------------+
[TRT-LLM] [I] [RANK 1] Set logger level to I
42-cn05:101347:0]   +--------------------------------+-------------------------------------------------+-----------------------------------------------------------------+
[1791360125.531671] [vr-r42-cn05:101347:0]   +--------------------------------+-------------------------------------------------------------------------------------------------------------------+
[1791360125.531671] [vr-r42-cn05:101347:0]   | ucp_context_0 intra-node cfg#1 | tagged message by ucp_tag_send*(fast-completion) from host memory                                                 |
[1791360125.531672] [vr-r42-cn05:101347:0]   +--------------------------------+-------------------------------------------------+-----------------------------------------------------------------+
[1791360125.531672] [vr-r42-cn05:101347:0]   |                          0..92 | eager short                                     | sysv/memory                                                     |
[1791360125.531672] [vr-r42-cn05:101347:0]   |                       93..8248 | eager copy-in copy-out                          | sysv/memory                                                     |
[1791360125.531672] [vr-r42-cn05:101347:0]   |                   8249..262143 | multi-frag eager copy-in copy-out               | sysv/memory                                                     |
[1791360125.531672] [vr-r42-cn05:101347:0]   |                      256K..inf | (?) rendezvous zero-copy fenced write to remote | 50% on rc_mlx5/mlx5_0:1/path0 and 50% on rc_mlx5/mlx5_6:1/path0 |
[1791360125.531673] [vr-r42-cn05:101347:0]   +--------------------------------+-------------------------------------------------+-----------------------------------------------------------------+
[1791360125.531810] [vr-r42-cn05:101347:0]   +--------------------------------+-------------------------------------------------------------------------------------------------------------------+
[1791360125.531810] [vr-r42-cn05:101347:0]   | ucp_context_0 intra-node cfg#1 | tagged message by ucp_tag_send*(multi) from host memory                                                           |
[1791360125.531810] [vr-r42-cn05:101347:0]   +--------------------------------+-------------------------------------------------+-----------------------------------------------------------------+
[1791360125.531811] [vr-r42-cn05:101347:0]   |                          0..92 | eager short                                     | sysv/memory                                                     |
[1791360125.531811] [vr-r42-cn05:101347:0]   |                       93..4940 | eager copy-in copy-out                          | sysv/memory                                                     |
[1791360125.531811] [vr-r42-cn05:101347:0]   |                      4941..inf | (?) rendezvous zero-copy fenced write to remote | 50% on rc_mlx5/mlx5_0:1/path0 and 50% on rc_mlx5/mlx5_6:1/path0 |
[1791360125.531811] [vr-r42-cn05:101347:0]   +--------------------------------+-------------------------------------------------+-----------------------------------------------------------------+
[1791360125.804253] [vr-r42-cn05:101347:0]      ucp_worker.c:1984 UCX  INFO    ucp_context_0 inter-node cfg#2 tag(rc_mlx5/mlx5_0:1 rc_mlx5/mlx5_6:1 rc_mlx5/mlx5_0:1 rc_mlx5/mlx5_6:1)
[1791360125.804574] [vr-r42-cn05:101347:0]   +--------------------------------+-------------------------------------------------------------------------------------------------------------------+
[1791360125.804575] [vr-r42-cn05:101347:0]   | ucp_context_0 inter-node cfg#2 | tagged message by ucp_tag_send* from host memory                                                                  |
[1791360125.804575] [vr-r42-cn05:101347:0]   +--------------------------------+-------------------------------------------------+-----------------------------------------------------------------+
[1791360125.804576] [vr-r42-cn05:101347:0]   |                        0..2038 | eager short                                     | rc_mlx5/mlx5_0:1/path0                                          |
[1791360125.804576] [vr-r42-cn05:101347:0]   |                     2039..8246 | eager zero-copy copy-out                        | rc_mlx5/mlx5_0:1/path0                                          |
[1791360125.804576] [vr-r42-cn05:101347:0]   |                    8247..36272 | multi-frag eager zero-copy copy-out             | rc_mlx5/mlx5_0:1/path0                                          |
[1791360125.804576] [vr-r42-cn05:101347:0]   |                     36273..inf | (?) rendezvous zero-copy fenced write to remote | 50% on rc_mlx5/mlx5_0:1/path0 and 50% on rc_mlx5/mlx5_6:1/path0 |
[1791360125.804576] [vr-r42-cn05:101347:0]   +--------------------------------+-------------------------------------------------+-----------------------------------------------------------------+
[1791360125.804672] [vr-r42-cn05:101347:0]   +--------------------------------+-------------------------------------------------------------------------------------------------------------------+
[1791360125.804673] [vr-r42-cn05:101347:0]   | ucp_context_0 inter-node cfg#2 | tagged message by ucp_tag_send*(fast-completion) from host memory                                                 |
[1791360125.804673] [vr-r42-cn05:101347:0]   +--------------------------------+-------------------------------------------------+-----------------------------------------------------------------+
[1791360125.804673] [vr-r42-cn05:101347:0]   |                        0..2038 | eager short                                     | rc_mlx5/mlx5_0:1/path0                                          |
[1791360125.804673] [vr-r42-cn05:101347:0]   |                     2039..8246 | eager copy-in copy-out                          | rc_mlx5/mlx5_0:1/path0                                          |
[1791360125.804673] [vr-r42-cn05:101347:0]   |                    8247..11999 | multi-frag eager copy-in copy-out               | rc_mlx5/mlx5_0:1/path0                                          |
[1791360125.804674] [vr-r42-cn05:101347:0]   |                  12000..262143 | multi-frag eager zero-copy copy-out             | rc_mlx5/mlx5_0:1/path0                                          |
[1791360125.804674] [vr-r42-cn05:101347:0]   |                      256K..inf | (?) rendezvous zero-copy fenced write to remote | 50% on rc_mlx5/mlx5_0:1/path0 and 50% on rc_mlx5/mlx5_6:1/path0 |
[1791360125.804674] [vr-r42-cn05:101347:0]   +--------------------------------+-------------------------------------------------+-----------------------------------------------------------------+
[1791360125.804895] [vr-r42-cn05:101347:0]   +--------------------------------+-------------------------------------------------------------------------------------------------------------------+
[1791360125.804895] [vr-r42-cn05:101347:0]   | ucp_context_0 inter-node cfg#2 | tagged message by ucp_tag_send*(multi) from host memory                                                           |
[1791360125.804895] [vr-r42-cn05:101347:0]   +--------------------------------+-------------------------------------------------+-----------------------------------------------------------------+
[1791360125.804896] [vr-r42-cn05:101347:0]   |                         0..514 | eager short                                     | rc_mlx5/mlx5_0:1/path0                                          |
[1791360125.804896] [vr-r42-cn05:101347:0]   |                      515..6065 | eager zero-copy copy-out                        | rc_mlx5/mlx5_0:1/path0                                          |
[1791360125.804896] [vr-r42-cn05:101347:0]   |                      6066..inf | (?) rendezvous zero-copy fenced write to remote | 50% on rc_mlx5/mlx5_0:1/path0 and 50% on rc_mlx5/mlx5_6:1/path0 |
[1791360125.804896] [vr-r42-cn05:101347:0]   +--------------------------------+-------------------------------------------------+-----------------------------------------------------------------+
[TRT-LLM] [I] [RANK 4] Set logger level to I
`torch_dtype` is deprecated! Use `dtype` instead!
[10/07/2026-08:02:11] [TRT-LLM] [W] [quantize] Inline 'config.json.quantization_config' diverges from 'hf_quant_config.json':
  - group_size: file=16, inline=None
[10/07/2026-08:02:11] [TRT-LLM] [W] [executor] Orchestrator is creating IPC executor
[33;20mrank 0 using MpiCommSession to bind to external MPI processes
[10/07/2026-08:02:11] [TRT-LLM] [I] [executor] Generating a new HMAC key for server proxy_request_queue
[10/07/2026-08:02:11] [TRT-LLM] [I] [executor] Generating a new HMAC key for server proxy_result_queue
[10/07/2026-08:02:11] [TRT-LLM] [I] [executor] Generating a new HMAC key for server worker_init_status_queue
[10/07/2026-08:02:12] [TRT-LLM] [I] [_torch] cutlass dsl is available
[10/07/2026-08:02:12] [TRT-LLM] [I] [_torch] cutlass dsl internal (rubin) is available
[10/07/2026-08:02:12] [TRT-LLM] [I] [_torch] cutlass dsl is available
[10/07/2026-08:02:12] [TRT-LLM] [I] [_torch] cutlass dsl internal (rubin) is available
[10/07/2026-08:02:12] [TRT-LLM] [I] [_torch] flashinfer is available: 0.6.18.post1
[10/07/2026-08:02:12] [TRT-LLM] [I] [_torch] flashinfer is available: 0.6.18.post1
[10/07/2026-08:02:12] [TRT-LLM] [I] [_torch] cuBLASLt FP4 GEMM is available
[10/07/2026-08:02:12] [TRT-LLM] [I] [_torch] cuBLASLt FP4 GEMM is available
42-cn01:101696:0]   +--------------------------------+-------------------------------------------------+-----------------------------------------------------------------+
[1791360125.376371] [vr-r42-cn01:101696:0]   +--------------------------------+-------------------------------------------------------------------------------------------------------------------+
[1791360125.376371] [vr-r42-cn01:101696:0]   | ucp_context_0 intra-node cfg#1 | tagged message by ucp_tag_send*(fast-completion) from host memory                                                 |
[1791360125.376371] [vr-r42-cn01:101696:0]   +--------------------------------+-------------------------------------------------+-----------------------------------------------------------------+
[1791360125.376372] [vr-r42-cn01:101696:0]   |                          0..92 | eager short                                     | sysv/memory                                                     |
[1791360125.376372] [vr-r42-cn01:101696:0]   |                       93..8248 | eager copy-in copy-out                          | sysv/memory                                                     |
[1791360125.376372] [vr-r42-cn01:101696:0]   |                   8249..262143 | multi-frag eager copy-in copy-out               | sysv/memory                                                     |
[1791360125.376372] [vr-r42-cn01:101696:0]   |                      256K..inf | (?) rendezvous zero-copy fenced write to remote | 50% on rc_mlx5/mlx5_0:1/path0 and 50% on rc_mlx5/mlx5_6:1/path0 |
[1791360125.376372] [vr-r42-cn01:101696:0]   +--------------------------------+-------------------------------------------------+-----------------------------------------------------------------+
[1791360125.376823] [vr-r42-cn01:101696:0]   +--------------------------------+-------------------------------------------------------------------------------------------------------------------+
[1791360125.376823] [vr-r42-cn01:101696:0]   | ucp_context_0 intra-node cfg#1 | tagged message by ucp_tag_send*(multi) from host memory                                                           |
[1791360125.376823] [vr-r42-cn01:101696:0]   +--------------------------------+-------------------------------------------------+-----------------------------------------------------------------+
[1791360125.376823] [vr-r42-cn01:101696:0]   |                          0..92 | eager short                                     | sysv/memory                                                     |
[1791360125.376824] [vr-r42-cn01:101696:0]   |                       93..4940 | eager copy-in copy-out                          | sysv/memory                                                     |
[1791360125.376824] [vr-r42-cn01:101696:0]   |                      4941..inf | (?) rendezvous zero-copy fenced write to remote | 50% on rc_mlx5/mlx5_0:1/path0 and 50% on rc_mlx5/mlx5_6:1/path0 |
[1791360125.376824] [vr-r42-cn01:101696:0]   +--------------------------------+-------------------------------------------------+-----------------------------------------------------------------+
[1791360125.621971] [vr-r42-cn01:101696:0]      ucp_worker.c:1984 UCX  INFO    ucp_context_0 inter-node cfg#2 tag(rc_mlx5/mlx5_0:1 rc_mlx5/mlx5_6:1 rc_mlx5/mlx5_0:1 rc_mlx5/mlx5_6:1)
[1791360125.622426] [vr-r42-cn01:101696:0]   +--------------------------------+-------------------------------------------------------------------------------------------------------------------+
[1791360125.622428] [vr-r42-cn01:101696:0]   | ucp_context_0 inter-node cfg#2 | tagged message by ucp_tag_send* from host memory                                                                  |
[1791360125.622428] [vr-r42-cn01:101696:0]   +--------------------------------+-------------------------------------------------+-----------------------------------------------------------------+
[1791360125.622428] [vr-r42-cn01:101696:0]   |                        0..2038 | eager short                                     | rc_mlx5/mlx5_0:1/path0                                          |
[1791360125.622428] [vr-r42-cn01:101696:0]   |                     2039..8246 | eager zero-copy copy-out                        | rc_mlx5/mlx5_0:1/path0                                          |
[1791360125.622429] [vr-r42-cn01:101696:0]   |                    8247..36272 | multi-frag eager zero-copy copy-out             | rc_mlx5/mlx5_0:1/path0                                          |
[1791360125.622430] [vr-r42-cn01:101696:0]   |                     36273..inf | (?) rendezvous zero-copy fenced write to remote | 50% on rc_mlx5/mlx5_0:1/path0 and 50% on rc_mlx5/mlx5_6:1/path0 |
[1791360125.622430] [vr-r42-cn01:101696:0]   +--------------------------------+-------------------------------------------------+-----------------------------------------------------------------+
[1791360125.622529] [vr-r42-cn01:101696:0]   +--------------------------------+-------------------------------------------------------------------------------------------------------------------+
[1791360125.622530] [vr-r42-cn01:101696:0]   | ucp_context_0 inter-node cfg#2 | tagged message by ucp_tag_send*(fast-completion) from host memory                                                 |
[1791360125.622530] [vr-r42-cn01:101696:0]   +--------------------------------+-------------------------------------------------+-----------------------------------------------------------------+
[1791360125.622530] [vr-r42-cn01:101696:0]   |                        0..2038 | eager short                                     | rc_mlx5/mlx5_0:1/path0                                          |
[1791360125.622530] [vr-r42-cn01:101696:0]   |                     2039..8246 | eager copy-in copy-out                          | rc_mlx5/mlx5_0:1/path0                                          |
[1791360125.622531] [vr-r42-cn01:101696:0]   |                    8247..11999 | multi-frag eager copy-in copy-out               | rc_mlx5/mlx5_0:1/path0                                          |
[1791360125.622531] [vr-r42-cn01:101696:0]   |                  12000..262143 | multi-frag eager zero-copy copy-out             | rc_mlx5/mlx5_0:1/path0                                          |
[1791360125.622531] [vr-r42-cn01:101696:0]   |                      256K..inf | (?) rendezvous zero-copy fenced write to remote | 50% on rc_mlx5/mlx5_0:1/path0 and 50% on rc_mlx5/mlx5_6:1/path0 |
[1791360125.622531] [vr-r42-cn01:101696:0]   +--------------------------------+-------------------------------------------------+-----------------------------------------------------------------+
[1791360125.622769] [vr-r42-cn01:101696:0]   +--------------------------------+-------------------------------------------------------------------------------------------------------------------+
[1791360125.622769] [vr-r42-cn01:101696:0]   | ucp_context_0 inter-node cfg#2 | tagged message by ucp_tag_send*(multi) from host memory                                                           |
[1791360125.622769] [vr-r42-cn01:101696:0]   +--------------------------------+-------------------------------------------------+-----------------------------------------------------------------+
[1791360125.622769] [vr-r42-cn01:101696:0]   |                         0..514 | eager short                                     | rc_mlx5/mlx5_0:1/path0                                          |
[1791360125.622770] [vr-r42-cn01:101696:0]   |                      515..6065 | eager zero-copy copy-out                        | rc_mlx5/mlx5_0:1/path0                                          |
[1791360125.622770] [vr-r42-cn01:101696:0]   |                      6066..inf | (?) rendezvous zero-copy fenced write to remote | 50% on rc_mlx5/mlx5_0:1/path0 and 50% on rc_mlx5/mlx5_6:1/path0 |
[1791360125.622770] [vr-r42-cn01:101696:0]   +--------------------------------+-------------------------------------------------+-----------------------------------------------------------------+
[TRT-LLM] [I] [RANK 3] Set logger level to I
42-cn01:101971:0]   +--------------------------------+-------------------------------------------------+-----------------------------------------------------------------+
[1791360125.374777] [vr-r42-cn01:101971:0]   +--------------------------------+-------------------------------------------------------------------------------------------------------------------+
[1791360125.374777] [vr-r42-cn01:101971:0]   | ucp_context_0 intra-node cfg#1 | tagged message by ucp_tag_send*(fast-completion) from host memory                                                 |
[1791360125.374778] [vr-r42-cn01:101971:0]   +--------------------------------+-------------------------------------------------+-----------------------------------------------------------------+
[1791360125.374778] [vr-r42-cn01:101971:0]   |                          0..92 | eager short                                     | sysv/memory                                                     |
[1791360125.374778] [vr-r42-cn01:101971:0]   |                       93..8248 | eager copy-in copy-out                          | sysv/memory                                                     |
[1791360125.374778] [vr-r42-cn01:101971:0]   |                   8249..262143 | multi-frag eager copy-in copy-out               | sysv/memory                                                     |
[1791360125.374778] [vr-r42-cn01:101971:0]   |                      256K..inf | (?) rendezvous zero-copy fenced write to remote | 50% on rc_mlx5/mlx5_0:1/path0 and 50% on rc_mlx5/mlx5_6:1/path0 |
[1791360125.374778] [vr-r42-cn01:101971:0]   +--------------------------------+-------------------------------------------------+-----------------------------------------------------------------+
[1791360125.375229] [vr-r42-cn01:101971:0]   +--------------------------------+-------------------------------------------------------------------------------------------------------------------+
[1791360125.375229] [vr-r42-cn01:101971:0]   | ucp_context_0 intra-node cfg#1 | tagged message by ucp_tag_send*(multi) from host memory                                                           |
[1791360125.375229] [vr-r42-cn01:101971:0]   +--------------------------------+-------------------------------------------------+-----------------------------------------------------------------+
[1791360125.375230] [vr-r42-cn01:101971:0]   |                          0..92 | eager short                                     | sysv/memory                                                     |
[1791360125.375230] [vr-r42-cn01:101971:0]   |                       93..4940 | eager copy-in copy-out                          | sysv/memory                                                     |
[1791360125.375230] [vr-r42-cn01:101971:0]   |                      4941..inf | (?) rendezvous zero-copy fenced write to remote | 50% on rc_mlx5/mlx5_0:1/path0 and 50% on rc_mlx5/mlx5_6:1/path0 |
[1791360125.375230] [vr-r42-cn01:101971:0]   +--------------------------------+-------------------------------------------------+-----------------------------------------------------------------+
[1791360125.621971] [vr-r42-cn01:101971:0]      ucp_worker.c:1984 UCX  INFO    ucp_context_0 inter-node cfg#2 tag(rc_mlx5/mlx5_0:1 rc_mlx5/mlx5_6:1 rc_mlx5/mlx5_0:1 rc_mlx5/mlx5_6:1)
[1791360125.622425] [vr-r42-cn01:101971:0]   +--------------------------------+-------------------------------------------------------------------------------------------------------------------+
[1791360125.622426] [vr-r42-cn01:101971:0]   | ucp_context_0 inter-node cfg#2 | tagged message by ucp_tag_send* from host memory                                                                  |
[1791360125.622426] [vr-r42-cn01:101971:0]   +--------------------------------+-------------------------------------------------+-----------------------------------------------------------------+
[1791360125.622427] [vr-r42-cn01:101971:0]   |                        0..2038 | eager short                                     | rc_mlx5/mlx5_0:1/path0                                          |
[1791360125.622427] [vr-r42-cn01:101971:0]   |                     2039..8246 | eager zero-copy copy-out                        | rc_mlx5/mlx5_0:1/path0                                          |
[1791360125.622427] [vr-r42-cn01:101971:0]   |                    8247..36272 | multi-frag eager zero-copy copy-out             | rc_mlx5/mlx5_0:1/path0                                          |
[1791360125.622427] [vr-r42-cn01:101971:0]   |                     36273..inf | (?) rendezvous zero-copy fenced write to remote | 50% on rc_mlx5/mlx5_0:1/path0 and 50% on rc_mlx5/mlx5_6:1/path0 |
[1791360125.622428] [vr-r42-cn01:101971:0]   +--------------------------------+-------------------------------------------------+-----------------------------------------------------------------+
[1791360125.622527] [vr-r42-cn01:101971:0]   +--------------------------------+-------------------------------------------------------------------------------------------------------------------+
[1791360125.622527] [vr-r42-cn01:101971:0]   | ucp_context_0 inter-node cfg#2 | tagged message by ucp_tag_send*(fast-completion) from host memory                                                 |
[1791360125.622528] [vr-r42-cn01:101971:0]   +--------------------------------+-------------------------------------------------+-----------------------------------------------------------------+
[1791360125.622528] [vr-r42-cn01:101971:0]   |                        0..2038 | eager short                                     | rc_mlx5/mlx5_0:1/path0                                          |
[1791360125.622528] [vr-r42-cn01:101971:0]   |                     2039..8246 | eager copy-in copy-out                          | rc_mlx5/mlx5_0:1/path0                                          |
[1791360125.622528] [vr-r42-cn01:101971:0]   |                    8247..11999 | multi-frag eager copy-in copy-out               | rc_mlx5/mlx5_0:1/path0                                          |
[1791360125.622529] [vr-r42-cn01:101971:0]   |                  12000..262143 | multi-frag eager zero-copy copy-out             | rc_mlx5/mlx5_0:1/path0                                          |
[1791360125.622529] [vr-r42-cn01:101971:0]   |                      256K..inf | (?) rendezvous zero-copy fenced write to remote | 50% on rc_mlx5/mlx5_0:1/path0 and 50% on rc_mlx5/mlx5_6:1/path0 |
[1791360125.622529] [vr-r42-cn01:101971:0]   +--------------------------------+-------------------------------------------------+-----------------------------------------------------------------+
[1791360125.622772] [vr-r42-cn01:101971:0]   +--------------------------------+-------------------------------------------------------------------------------------------------------------------+
[1791360125.622772] [vr-r42-cn01:101971:0]   | ucp_context_0 inter-node cfg#2 | tagged message by ucp_tag_send*(multi) from host memory                                                           |
[1791360125.622773] [vr-r42-cn01:101971:0]   +--------------------------------+-------------------------------------------------+-----------------------------------------------------------------+
[1791360125.622774] [vr-r42-cn01:101971:0]   |                         0..514 | eager short                                     | rc_mlx5/mlx5_0:1/path0                                          |
[1791360125.622775] [vr-r42-cn01:101971:0]   |                      515..6065 | eager zero-copy copy-out                        | rc_mlx5/mlx5_0:1/path0                                          |
[1791360125.622775] [vr-r42-cn01:101971:0]   |                      6066..inf | (?) rendezvous zero-copy fenced write to remote | 50% on rc_mlx5/mlx5_0:1/path0 and 50% on rc_mlx5/mlx5_6:1/path0 |
[1791360125.622775] [vr-r42-cn01:101971:0]   +--------------------------------+-------------------------------------------------+-----------------------------------------------------------------+
[TRT-LLM] [I] [RANK 2] Set logger level to I
[10/07/2026-08:02:14] [TRT-LLM] [I] [_bootstr] TensorRT LLM inited.
[TensorRT-LLM] TensorRT LLM version: 1.3.0rc25
[10/07/2026-08:02:14] [TRT-LLM] [I] [_bootstr] TensorRT LLM inited.
[TensorRT-LLM] TensorRT LLM version: 1.3.0rc25
[10/07/2026-08:02:14] [TRT-LLM] [I] [_bootstr] TensorRT LLM inited.
[TensorRT-LLM] TensorRT LLM version: 1.3.0rc25
[10/07/2026-08:02:14] [TRT-LLM] [I] [_bootstr] TensorRT LLM inited.
[TensorRT-LLM] TensorRT LLM version: 1.3.0rc25
[10/07/2026-08:02:14] [TRT-LLM] [I] [_bootstr] TensorRT LLM inited.
[TensorRT-LLM] TensorRT LLM version: 1.3.0rc25
[10/07/2026-08:02:14] [TRT-LLM] [I] [_bootstr] TensorRT LLM inited.
[TensorRT-LLM] TensorRT LLM version: 1.3.0rc25
[10/07/2026-08:02:14] [TRT-LLM] [I] [_bootstr] TensorRT LLM inited.
[TensorRT-LLM] TensorRT LLM version: 1.3.0rc25
[10/07/2026-08:02:14] [TRT-LLM] [I] [_bootstr] TensorRT LLM inited.
[TensorRT-LLM] TensorRT LLM version: 1.3.0rc25
[1791360134.435963] [vr-r42-cn01:102049:1]   +--------------------------------+-------------------------------------------------------------------------------------------------------------------+
[1791360134.435966] [vr-r42-cn01:102049:1]   | ucp_context_0 intra-node cfg#1 | synchronous tagged message by ucp_tag_send_sync* from host memory                                                 |
[1791360134.435966] [vr-r42-cn01:102049:1]   +--------------------------------+-------------------------------------------------+-----------------------------------------------------------------+
[1791360134.435967] [vr-r42-cn01:102049:1]   |                        0..7622 | multi-frag eager copy-in copy-out               | sysv/memory                                                     |
[1791360134.435967] [vr-r42-cn01:102049:1]   |                      7623..inf | (?) rendezvous zero-copy fenced write to remote | 50% on rc_mlx5/mlx5_0:1/path0 and 50% on rc_mlx5/mlx5_6:1/path0 |
[1791360134.435967] [vr-r42-cn01:102049:1]   +--------------------------------+-------------------------------------------------+-----------------------------------------------------------------+
[1791360134.436829] [vr-r42-cn01:102049:1]   +--------------------------------+-------------------------------------------------------------------------------------------------------------------+
[1791360134.436829] [vr-r42-cn01:102049:1]   | ucp_context_0 intra-node cfg#2 | synchronous tagged message by ucp_tag_send_sync* from host memory                                                 |
[1791360134.436830] [vr-r42-cn01:102049:1]   +--------------------------------+-------------------------------------------------+-----------------------------------------------------------------+
[1791360134.436830] [vr-r42-cn01:102049:1]   |                        0..7622 | multi-frag eager copy-in copy-out               | sysv/memory                                                     |
[1791360134.436830] [vr-r42-cn01:102049:1]   |                      7623..inf | (?) rendezvous zero-copy fenced write to remote | 50% on rc_mlx5/mlx5_0:1/path0 and 50% on rc_mlx5/mlx5_6:1/path0 |
[1791360134.436830] [vr-r42-cn01:102049:1]   +--------------------------------+-------------------------------------------------+-----------------------------------------------------------------+
[1791360134.437659] [vr-r42-cn01:102049:1]   +--------------------------------+-------------------------------------------------------------------------------------------------------------------+
[1791360134.437660] [vr-r42-cn01:102049:1]   | ucp_context_0 inter-node cfg#3 | synchronous tagged message by ucp_tag_send_sync* from host memory                                                 |
[1791360134.437660] [vr-r42-cn01:102049:1]   +--------------------------------+-------------------------------------------------+-----------------------------------------------------------------+
[1791360134.437660] [vr-r42-cn01:102049:1]   |                       0..26423 | multi-frag eager copy-in copy-out               | rc_mlx5/mlx5_0:1/path0                                          |
[1791360134.437660] [vr-r42-cn01:102049:1]   |                     26424..inf | (?) rendezvous zero-copy fenced write to remote | 50% on rc_mlx5/mlx5_0:1/path0 and 50% on rc_mlx5/mlx5_6:1/path0 |
[1791360134.437660] [vr-r42-cn01:102049:1]   +--------------------------------+-------------------------------------------------+-----------------------------------------------------------------+
[TRT-LLM] [I] [RANK 0] Set logger level to I
[TRT-LLM] [I] [runtime][RANK 0] Refreshed the MPI local session
[TRT-LLM] [I] [runtime][RANK 1] Refreshed the MPI local session
[10/07/2026-08:02:14] [TRT-LLM] [W] [executor] Logger level already set from environment. Discard new verbosity: info
[TRT-LLM] [I] [runtime][RANK 2] Refreshed the MPI local session
[TRT-LLM] [I] [runtime][RANK 3] Refreshed the MPI local session
[TRT-LLM] [I] [runtime][RANK 4] Refreshed the MPI local session
[TRT-LLM] [I] [runtime][RANK 5] Refreshed the MPI local session
[TRT-LLM] [I] [runtime][RANK 6] Refreshed the MPI local session
[TRT-LLM] [I] [runtime][RANK 7] Refreshed the MPI local session
[10/07/2026-08:02:15] [TRT-LLM] [I] [llmapi][RANK 0] Worker process 102049 CPU affinity set to [0, 1, 2, 3, 4, 5, 6, 7, 8, 9, 10, 11, 12, 13, 14, 15, 16, 17, 18, 19, 20, 21, 22, 23, 24, 25, 26, 27, 28, 29, 30, 31, 32, 33, 34, 35, 36, 37, 38, 39, 40, 41, 42, 43, 44, 45, 46, 47, 48, 49, 50, 51, 52, 53, 54, 55, 56, 57, 58, 59, 60, 61, 62, 63, 64, 65, 66, 67, 68, 69, 70, 71, 72, 73, 74, 75, 76, 77, 78, 79, 80, 81, 82, 83, 84, 85, 86, 87, 176, 177, 178, 179, 180, 181, 182, 183, 184, 185, 186, 187, 188, 189, 190, 191, 192, 193, 194, 195, 196, 197, 198, 199, 200, 201, 202, 203, 204, 205, 206, 207, 208, 209, 210, 211, 212, 213, 214, 215, 216, 217, 218, 219, 220, 221, 222, 223, 224, 225, 226, 227, 228, 229, 230, 231, 232, 233, 234, 235, 236, 237, 238, 239, 240, 241, 242, 243, 244, 245, 246, 247, 248, 249, 250, 251, 252, 253, 254, 255, 256, 257, 258, 259, 260, 261, 262, 263] for optimal NUMA-aware scheduling (16 threads).
[10/07/2026-08:02:15] [TRT-LLM] [I] [llmapi][RANK 2] Worker process 101971 CPU affinity set to [88, 89, 90, 91, 92, 93, 94, 95, 96, 97, 98, 99, 100, 101, 102, 103, 104, 105, 106, 107, 108, 109, 110, 111, 112, 113, 114, 115, 116, 117, 118, 119, 120, 121, 122, 123, 124, 125, 126, 127, 128, 129, 130, 131, 132, 133, 134, 135, 136, 137, 138, 139, 140, 141, 142, 143, 144, 145, 146, 147, 148, 149, 150, 151, 152, 153, 154, 155, 156, 157, 158, 159, 160, 161, 162, 163, 164, 165, 166, 167, 168, 169, 170, 171, 172, 173, 174, 175, 264, 265, 266, 267, 268, 269, 270, 271, 272, 273, 274, 275, 276, 277, 278, 279, 280, 281, 282, 283, 284, 285, 286, 287, 288, 289, 290, 291, 292, 293, 294, 295, 296, 297, 298, 299, 300, 301, 302, 303, 304, 305, 306, 307, 308, 309, 310, 311, 312, 313, 314, 315, 316, 317, 318, 319, 320, 321, 322, 323, 324, 325, 326, 327, 328, 329, 330, 331, 332, 333, 334, 335, 336, 337, 338, 339, 340, 341, 342, 343, 344, 345, 346, 347, 348, 349, 350, 351] for optimal NUMA-aware scheduling (6 threads).
[10/07/2026-08:02:15] [TRT-LLM] [I] [llmapi][RANK 3] Worker process 101696 CPU affinity set to [88, 89, 90, 91, 92, 93, 94, 95, 96, 97, 98, 99, 100, 101, 102, 103, 104, 105, 106, 107, 108, 109, 110, 111, 112, 113, 114, 115, 116, 117, 118, 119, 120, 121, 122, 123, 124, 125, 126, 127, 128, 129, 130, 131, 132, 133, 134, 135, 136, 137, 138, 139, 140, 141, 142, 143, 144, 145, 146, 147, 148, 149, 150, 151, 152, 153, 154, 155, 156, 157, 158, 159, 160, 161, 162, 163, 164, 165, 166, 167, 168, 169, 170, 171, 172, 173, 174, 175, 264, 265, 266, 267, 268, 269, 270, 271, 272, 273, 274, 275, 276, 277, 278, 279, 280, 281, 282, 283, 284, 285, 286, 287, 288, 289, 290, 291, 292, 293, 294, 295, 296, 297, 298, 299, 300, 301, 302, 303, 304, 305, 306, 307, 308, 309, 310, 311, 312, 313, 314, 315, 316, 317, 318, 319, 320, 321, 322, 323, 324, 325, 326, 327, 328, 329, 330, 331, 332, 333, 334, 335, 336, 337, 338, 339, 340, 341, 342, 343, 344, 345, 346, 347, 348, 349, 350, 351] for optimal NUMA-aware scheduling (6 threads).
[10/07/2026-08:02:15] [TRT-LLM] [I] [llmapi][RANK 1] Worker process 102044 CPU affinity set to [0, 1, 2, 3, 4, 5, 6, 7, 8, 9, 10, 11, 12, 13, 14, 15, 16, 17, 18, 19, 20, 21, 22, 23, 24, 25, 26, 27, 28, 29, 30, 31, 32, 33, 34, 35, 36, 37, 38, 39, 40, 41, 42, 43, 44, 45, 46, 47, 48, 49, 50, 51, 52, 53, 54, 55, 56, 57, 58, 59, 60, 61, 62, 63, 64, 65, 66, 67, 68, 69, 70, 71, 72, 73, 74, 75, 76, 77, 78, 79, 80, 81, 82, 83, 84, 85, 86, 87, 176, 177, 178, 179, 180, 181, 182, 183, 184, 185, 186, 187, 188, 189, 190, 191, 192, 193, 194, 195, 196, 197, 198, 199, 200, 201, 202, 203, 204, 205, 206, 207, 208, 209, 210, 211, 212, 213, 214, 215, 216, 217, 218, 219, 220, 221, 222, 223, 224, 225, 226, 227, 228, 229, 230, 231, 232, 233, 234, 235, 236, 237, 238, 239, 240, 241, 242, 243, 244, 245, 246, 247, 248, 249, 250, 251, 252, 253, 254, 255, 256, 257, 258, 259, 260, 261, 262, 263] for optimal NUMA-aware scheduling (6 threads).
[0m`torch_dtype` is deprecated! Use `dtype` instead!
[10/07/2026-08:02:15] [TRT-LLM] [W] [quantize][RANK 0] Inline 'config.json.quantization_config' diverges from 'hf_quant_config.json':
  - group_size: file=16, inline=None
[10/07/2026-08:02:15] [TRT-LLM] [I] [_torch][RANK 0] Resolved use_kv_cache_manager_v2='auto' to %s for %s True GlmMoeDsaForCausalLM
[10/07/2026-08:02:15] [TRT-LLM] [I] [_torch][RANK 0] ATTENTION RUNTIME FEATURES:  AttentionRuntimeFeatures(chunked_prefill=False, cache_reuse=False, has_speculative_draft_tokens=False, chunk_size=192, chunked_prefill_buffer_batch_size=4)
[10/07/2026-08:02:15] [TRT-LLM] [W] [quantize][RANK 0] Inline 'config.json.quantization_config' diverges from 'hf_quant_config.json':
  - group_size: file=16, inline=None
[10/07/2026-08:02:15] [TRT-LLM] [W] [quantize][RANK 0] Inline 'config.json.quantization_config' diverges from 'hf_quant_config.json':
  - group_size: file=16, inline=None
[10/07/2026-08:02:15] [TRT-LLM] [I] [_torch][RANK 0] Validating KV Cache config against kv_cache_dtype="nvfp4"
[10/07/2026-08:02:15] [TRT-LLM] [W] [_torch][RANK 0] Overriding checkpoint KV cache quantization "FP8" with llm_args.KvCacheConfig.dtype="nvfp4".
[10/07/2026-08:02:15] [TRT-LLM] [I] [_ipc_uti][RANK 0] Detect inter-node TP between rank 0 and rank 4, fail to access peer GPU memory
`torch_dtype` is deprecated! Use `dtype` instead!
[10/07/2026-08:02:15] [TRT-LLM] [W] [quantize][RANK 2] Inline 'config.json.quantization_config' diverges from 'hf_quant_config.json':
  - group_size: file=16, inline=None
[10/07/2026-08:02:15] [TRT-LLM] [I] [_torch][RANK 2] Resolved use_kv_cache_manager_v2='auto' to %s for %s True GlmMoeDsaForCausalLM
[10/07/2026-08:02:15] [TRT-LLM] [I] [_torch][RANK 2] ATTENTION RUNTIME FEATURES:  AttentionRuntimeFeatures(chunked_prefill=False, cache_reuse=False, has_speculative_draft_tokens=False, chunk_size=192, chunked_prefill_buffer_batch_size=4)
[10/07/2026-08:02:15] [TRT-LLM] [W] [quantize][RANK 2] Inline 'config.json.quantization_config' diverges from 'hf_quant_config.json':
  - group_size: file=16, inline=None
[10/07/2026-08:02:15] [TRT-LLM] [W] [quantize][RANK 2] Inline 'config.json.quantization_config' diverges from 'hf_quant_config.json':
  - group_size: file=16, inline=None
[10/07/2026-08:02:15] [TRT-LLM] [I] [_torch][RANK 2] Validating KV Cache config against kv_cache_dtype="nvfp4"
[10/07/2026-08:02:15] [TRT-LLM] [W] [_torch][RANK 2] Overriding checkpoint KV cache quantization "FP8" with llm_args.KvCacheConfig.dtype="nvfp4".
[10/07/2026-08:02:15] [TRT-LLM] [I] [_ipc_uti][RANK 2] Detect inter-node TP between rank 2 and rank 4, fail to access peer GPU memory
`torch_dtype` is deprecated! Use `dtype` instead!
[10/07/2026-08:02:15] [TRT-LLM] [W] [quantize][RANK 3] Inline 'config.json.quantization_config' diverges from 'hf_quant_config.json':
  - group_size: file=16, inline=None
[10/07/2026-08:02:15] [TRT-LLM] [I] [_torch][RANK 3] Resolved use_kv_cache_manager_v2='auto' to %s for %s True GlmMoeDsaForCausalLM
[10/07/2026-08:02:15] [TRT-LLM] [I] [_torch][RANK 3] ATTENTION RUNTIME FEATURES:  AttentionRuntimeFeatures(chunked_prefill=False, cache_reuse=False, has_speculative_draft_tokens=False, chunk_size=192, chunked_prefill_buffer_batch_size=4)
[10/07/2026-08:02:15] [TRT-LLM] [W] [quantize][RANK 3] Inline 'config.json.quantization_config' diverges from 'hf_quant_config.json':
  - group_size: file=16, inline=None
[10/07/2026-08:02:15] [TRT-LLM] [W] [quantize][RANK 3] Inline 'config.json.quantization_config' diverges from 'hf_quant_config.json':
  - group_size: file=16, inline=None
[10/07/2026-08:02:15] [TRT-LLM] [I] [_torch][RANK 3] Validating KV Cache config against kv_cache_dtype="nvfp4"
[10/07/2026-08:02:15] [TRT-LLM] [W] [_torch][RANK 3] Overriding checkpoint KV cache quantization "FP8" with llm_args.KvCacheConfig.dtype="nvfp4".
[10/07/2026-08:02:15] [TRT-LLM] [I] [_ipc_uti][RANK 3] Detect inter-node TP between rank 3 and rank 4, fail to access peer GPU memory
`torch_dtype` is deprecated! Use `dtype` instead!
[10/07/2026-08:02:15] [TRT-LLM] [W] [quantize][RANK 1] Inline 'config.json.quantization_config' diverges from 'hf_quant_config.json':
  - group_size: file=16, inline=None
[10/07/2026-08:02:15] [TRT-LLM] [I] [_torch][RANK 1] Resolved use_kv_cache_manager_v2='auto' to %s for %s True GlmMoeDsaForCausalLM
[10/07/2026-08:02:15] [TRT-LLM] [I] [_torch][RANK 1] ATTENTION RUNTIME FEATURES:  AttentionRuntimeFeatures(chunked_prefill=False, cache_reuse=False, has_speculative_draft_tokens=False, chunk_size=192, chunked_prefill_buffer_batch_size=4)
[10/07/2026-08:02:15] [TRT-LLM] [W] [quantize][RANK 1] Inline 'config.json.quantization_config' diverges from 'hf_quant_config.json':
  - group_size: file=16, inline=None
[10/07/2026-08:02:15] [TRT-LLM] [W] [quantize][RANK 1] Inline 'config.json.quantization_config' diverges from 'hf_quant_config.json':
  - group_size: file=16, inline=None
[10/07/2026-08:02:15] [TRT-LLM] [I] [_torch][RANK 1] Validating KV Cache config against kv_cache_dtype="nvfp4"
[10/07/2026-08:02:15] [TRT-LLM] [W] [_torch][RANK 1] Overriding checkpoint KV cache quantization "FP8" with llm_args.KvCacheConfig.dtype="nvfp4".
[10/07/2026-08:02:15] [TRT-LLM] [I] [_ipc_uti][RANK 1] Detect inter-node TP between rank 1 and rank 4, fail to access peer GPU memory
[10/07/2026-08:02:15] [TRT-LLM] [I] [llmapi][RANK 6] Worker process 101268 CPU affinity set to [88, 89, 90, 91, 92, 93, 94, 95, 96, 97, 98, 99, 100, 101, 102, 103, 104, 105, 106, 107, 108, 109, 110, 111, 112, 113, 114, 115, 116, 117, 118, 119, 120, 121, 122, 123, 124, 125, 126, 127, 128, 129, 130, 131, 132, 133, 134, 135, 136, 137, 138, 139, 140, 141, 142, 143, 144, 145, 146, 147, 148, 149, 150, 151, 152, 153, 154, 155, 156, 157, 158, 159, 160, 161, 162, 163, 164, 165, 166, 167, 168, 169, 170, 171, 172, 173, 174, 175, 264, 265, 266, 267, 268, 269, 270, 271, 272, 273, 274, 275, 276, 277, 278, 279, 280, 281, 282, 283, 284, 285, 286, 287, 288, 289, 290, 291, 292, 293, 294, 295, 296, 297, 298, 299, 300, 301, 302, 303, 304, 305, 306, 307, 308, 309, 310, 311, 312, 313, 314, 315, 316, 317, 318, 319, 320, 321, 322, 323, 324, 325, 326, 327, 328, 329, 330, 331, 332, 333, 334, 335, 336, 337, 338, 339, 340, 341, 342, 343, 344, 345, 346, 347, 348, 349, 350, 351] for optimal NUMA-aware scheduling (6 threads).
[10/07/2026-08:02:15] [TRT-LLM] [I] [llmapi][RANK 7] Worker process 101262 CPU affinity set to [88, 89, 90, 91, 92, 93, 94, 95, 96, 97, 98, 99, 100, 101, 102, 103, 104, 105, 106, 107, 108, 109, 110, 111, 112, 113, 114, 115, 116, 117, 118, 119, 120, 121, 122, 123, 124, 125, 126, 127, 128, 129, 130, 131, 132, 133, 134, 135, 136, 137, 138, 139, 140, 141, 142, 143, 144, 145, 146, 147, 148, 149, 150, 151, 152, 153, 154, 155, 156, 157, 158, 159, 160, 161, 162, 163, 164, 165, 166, 167, 168, 169, 170, 171, 172, 173, 174, 175, 264, 265, 266, 267, 268, 269, 270, 271, 272, 273, 274, 275, 276, 277, 278, 279, 280, 281, 282, 283, 284, 285, 286, 287, 288, 289, 290, 291, 292, 293, 294, 295, 296, 297, 298, 299, 300, 301, 302, 303, 304, 305, 306, 307, 308, 309, 310, 311, 312, 313, 314, 315, 316, 317, 318, 319, 320, 321, 322, 323, 324, 325, 326, 327, 328, 329, 330, 331, 332, 333, 334, 335, 336, 337, 338, 339, 340, 341, 342, 343, 344, 345, 346, 347, 348, 349, 350, 351] for optimal NUMA-aware scheduling (6 threads).
[10/07/2026-08:02:15] [TRT-LLM] [I] [llmapi][RANK 5] Worker process 100953 CPU affinity set to [0, 1, 2, 3, 4, 5, 6, 7, 8, 9, 10, 11, 12, 13, 14, 15, 16, 17, 18, 19, 20, 21, 22, 23, 24, 25, 26, 27, 28, 29, 30, 31, 32, 33, 34, 35, 36, 37, 38, 39, 40, 41, 42, 43, 44, 45, 46, 47, 48, 49, 50, 51, 52, 53, 54, 55, 56, 57, 58, 59, 60, 61, 62, 63, 64, 65, 66, 67, 68, 69, 70, 71, 72, 73, 74, 75, 76, 77, 78, 79, 80, 81, 82, 83, 84, 85, 86, 87, 176, 177, 178, 179, 180, 181, 182, 183, 184, 185, 186, 187, 188, 189, 190, 191, 192, 193, 194, 195, 196, 197, 198, 199, 200, 201, 202, 203, 204, 205, 206, 207, 208, 209, 210, 211, 212, 213, 214, 215, 216, 217, 218, 219, 220, 221, 222, 223, 224, 225, 226, 227, 228, 229, 230, 231, 232, 233, 234, 235, 236, 237, 238, 239, 240, 241, 242, 243, 244, 245, 246, 247, 248, 249, 250, 251, 252, 253, 254, 255, 256, 257, 258, 259, 260, 261, 262, 263] for optimal NUMA-aware scheduling (6 threads).
[10/07/2026-08:02:15] [TRT-LLM] [I] [llmapi][RANK 4] Worker process 101347 CPU affinity set to [0, 1, 2, 3, 4, 5, 6, 7, 8, 9, 10, 11, 12, 13, 14, 15, 16, 17, 18, 19, 20, 21, 22, 23, 24, 25, 26, 27, 28, 29, 30, 31, 32, 33, 34, 35, 36, 37, 38, 39, 40, 41, 42, 43, 44, 45, 46, 47, 48, 49, 50, 51, 52, 53, 54, 55, 56, 57, 58, 59, 60, 61, 62, 63, 64, 65, 66, 67, 68, 69, 70, 71, 72, 73, 74, 75, 76, 77, 78, 79, 80, 81, 82, 83, 84, 85, 86, 87, 176, 177, 178, 179, 180, 181, 182, 183, 184, 185, 186, 187, 188, 189, 190, 191, 192, 193, 194, 195, 196, 197, 198, 199, 200, 201, 202, 203, 204, 205, 206, 207, 208, 209, 210, 211, 212, 213, 214, 215, 216, 217, 218, 219, 220, 221, 222, 223, 224, 225, 226, 227, 228, 229, 230, 231, 232, 233, 234, 235, 236, 237, 238, 239, 240, 241, 242, 243, 244, 245, 246, 247, 248, 249, 250, 251, 252, 253, 254, 255, 256, 257, 258, 259, 260, 261, 262, 263] for optimal NUMA-aware scheduling (6 threads).
`torch_dtype` is deprecated! Use `dtype` instead!
[10/07/2026-08:02:16] [TRT-LLM] [W] [quantize][RANK 7] Inline 'config.json.quantization_config' diverges from 'hf_quant_config.json':
  - group_size: file=16, inline=None
[10/07/2026-08:02:16] [TRT-LLM] [I] [_torch][RANK 7] Resolved use_kv_cache_manager_v2='auto' to %s for %s True GlmMoeDsaForCausalLM
[10/07/2026-08:02:16] [TRT-LLM] [I] [_torch][RANK 7] ATTENTION RUNTIME FEATURES:  AttentionRuntimeFeatures(chunked_prefill=False, cache_reuse=False, has_speculative_draft_tokens=False, chunk_size=192, chunked_prefill_buffer_batch_size=4)
[10/07/2026-08:02:16] [TRT-LLM] [W] [quantize][RANK 7] Inline 'config.json.quantization_config' diverges from 'hf_quant_config.json':
  - group_size: file=16, inline=None
[10/07/2026-08:02:16] [TRT-LLM] [W] [quantize][RANK 7] Inline 'config.json.quantization_config' diverges from 'hf_quant_config.json':
  - group_size: file=16, inline=None
[10/07/2026-08:02:16] [TRT-LLM] [I] [_torch][RANK 7] Validating KV Cache config against kv_cache_dtype="nvfp4"
[10/07/2026-08:02:16] [TRT-LLM] [W] [_torch][RANK 7] Overriding checkpoint KV cache quantization "FP8" with llm_args.KvCacheConfig.dtype="nvfp4".
[10/07/2026-08:02:16] [TRT-LLM] [I] [_ipc_uti][RANK 7] Detect inter-node TP between rank 7 and rank 0, fail to access peer GPU memory
`torch_dtype` is deprecated! Use `dtype` instead!
[10/07/2026-08:02:16] [TRT-LLM] [W] [quantize][RANK 4] Inline 'config.json.quantization_config' diverges from 'hf_quant_config.json':
  - group_size: file=16, inline=None
[10/07/2026-08:02:16] [TRT-LLM] [I] [_torch][RANK 4] Resolved use_kv_cache_manager_v2='auto' to %s for %s True GlmMoeDsaForCausalLM
[10/07/2026-08:02:16] [TRT-LLM] [I] [_torch][RANK 4] ATTENTION RUNTIME FEATURES:  AttentionRuntimeFeatures(chunked_prefill=False, cache_reuse=False, has_speculative_draft_tokens=False, chunk_size=192, chunked_prefill_buffer_batch_size=4)
[10/07/2026-08:02:16] [TRT-LLM] [W] [quantize][RANK 4] Inline 'config.json.quantization_config' diverges from 'hf_quant_config.json':
  - group_size: file=16, inline=None
[10/07/2026-08:02:16] [TRT-LLM] [W] [quantize][RANK 4] Inline 'config.json.quantization_config' diverges from 'hf_quant_config.json':
  - group_size: file=16, inline=None
[10/07/2026-08:02:16] [TRT-LLM] [I] [_torch][RANK 4] Validating KV Cache config against kv_cache_dtype="nvfp4"
[10/07/2026-08:02:16] [TRT-LLM] [W] [_torch][RANK 4] Overriding checkpoint KV cache quantization "FP8" with llm_args.KvCacheConfig.dtype="nvfp4".
[10/07/2026-08:02:16] [TRT-LLM] [I] [_ipc_uti][RANK 4] Detect inter-node TP between rank 4 and rank 0, fail to access peer GPU memory
`torch_dtype` is deprecated! Use `dtype` instead!
[10/07/2026-08:02:16] [TRT-LLM] [W] [quantize][RANK 6] Inline 'config.json.quantization_config' diverges from 'hf_quant_config.json':
  - group_size: file=16, inline=None
[10/07/2026-08:02:16] [TRT-LLM] [I] [_torch][RANK 6] Resolved use_kv_cache_manager_v2='auto' to %s for %s True GlmMoeDsaForCausalLM
[10/07/2026-08:02:16] [TRT-LLM] [I] [_torch][RANK 6] ATTENTION RUNTIME FEATURES:  AttentionRuntimeFeatures(chunked_prefill=False, cache_reuse=False, has_speculative_draft_tokens=False, chunk_size=192, chunked_prefill_buffer_batch_size=4)
[10/07/2026-08:02:16] [TRT-LLM] [W] [quantize][RANK 6] Inline 'config.json.quantization_config' diverges from 'hf_quant_config.json':
  - group_size: file=16, inline=None
[10/07/2026-08:02:16] [TRT-LLM] [W] [quantize][RANK 6] Inline 'config.json.quantization_config' diverges from 'hf_quant_config.json':
  - group_size: file=16, inline=None
[10/07/2026-08:02:16] [TRT-LLM] [I] [_torch][RANK 6] Validating KV Cache config against kv_cache_dtype="nvfp4"
[10/07/2026-08:02:16] [TRT-LLM] [W] [_torch][RANK 6] Overriding checkpoint KV cache quantization "FP8" with llm_args.KvCacheConfig.dtype="nvfp4".
[10/07/2026-08:02:16] [TRT-LLM] [I] [_ipc_uti][RANK 6] Detect inter-node TP between rank 6 and rank 0, fail to access peer GPU memory
`torch_dtype` is deprecated! Use `dtype` instead!
[10/07/2026-08:02:16] [TRT-LLM] [W] [quantize][RANK 5] Inline 'config.json.quantization_config' diverges from 'hf_quant_config.json':
  - group_size: file=16, inline=None
[10/07/2026-08:02:16] [TRT-LLM] [I] [_torch][RANK 5] Resolved use_kv_cache_manager_v2='auto' to %s for %s True GlmMoeDsaForCausalLM
[10/07/2026-08:02:16] [TRT-LLM] [I] [_torch][RANK 5] ATTENTION RUNTIME FEATURES:  AttentionRuntimeFeatures(chunked_prefill=False, cache_reuse=False, has_speculative_draft_tokens=False, chunk_size=192, chunked_prefill_buffer_batch_size=4)
[10/07/2026-08:02:16] [TRT-LLM] [W] [quantize][RANK 5] Inline 'config.json.quantization_config' diverges from 'hf_quant_config.json':
  - group_size: file=16, inline=None
[10/07/2026-08:02:16] [TRT-LLM] [W] [quantize][RANK 5] Inline 'config.json.quantization_config' diverges from 'hf_quant_config.json':
  - group_size: file=16, inline=None
[10/07/2026-08:02:16] [TRT-LLM] [I] [_torch][RANK 5] Validating KV Cache config against kv_cache_dtype="nvfp4"
[10/07/2026-08:02:16] [TRT-LLM] [W] [_torch][RANK 5] Overriding checkpoint KV cache quantization "FP8" with llm_args.KvCacheConfig.dtype="nvfp4".
[10/07/2026-08:02:16] [TRT-LLM] [I] [_ipc_uti][RANK 5] Detect inter-node TP between rank 5 and rank 0, fail to access peer GPU memory
[10/07/2026-08:02:16] [TRT-LLM] [I] [_ipc_uti][RANK 0] Detect inter-node TP between rank 0 and rank 4, fail to access peer GPU memory
[10/07/2026-08:02:16] [TRT-LLM] [I] [_ipc_uti][RANK 0] Detect inter-node TP between rank 0 and rank 4, fail to access peer GPU memory
[10/07/2026-08:02:16] [TRT-LLM] [I] [_ipc_uti][RANK 0] Detect inter-node TP between rank 0 and rank 4, fail to access peer GPU memory
[10/07/2026-08:02:16] [TRT-LLM] [I] [_torch][RANK 0] [MegaMoECuteDsl] torch.distributed not initialized under MPI; bootstrapping NCCL WORLD group (rank=0/8, local_rank=0, device=cuda:0, 172.29.39.123:29503) for the EP rendezvous.
[10/07/2026-08:02:16] [TRT-LLM] [I] [_ipc_uti][RANK 2] Detect inter-node TP between rank 2 and rank 4, fail to access peer GPU memory
[10/07/2026-08:02:16] [TRT-LLM] [I] [_ipc_uti][RANK 2] Detect inter-node TP between rank 2 and rank 4, fail to access peer GPU memory
[10/07/2026-08:02:16] [TRT-LLM] [I] [_ipc_uti][RANK 2] Detect inter-node TP between rank 2 and rank 4, fail to access peer GPU memory
[10/07/2026-08:02:16] [TRT-LLM] [I] [_torch][RANK 2] [MegaMoECuteDsl] torch.distributed not initialized under MPI; bootstrapping NCCL WORLD group (rank=2/8, local_rank=2, device=cuda:2, 172.29.39.123:29503) for the EP rendezvous.
[10/07/2026-08:02:16] [TRT-LLM] [I] [_ipc_uti][RANK 3] Detect inter-node TP between rank 3 and rank 4, fail to access peer GPU memory
[10/07/2026-08:02:16] [TRT-LLM] [I] [_ipc_uti][RANK 3] Detect inter-node TP between rank 3 and rank 4, fail to access peer GPU memory
[10/07/2026-08:02:16] [TRT-LLM] [I] [_ipc_uti][RANK 3] Detect inter-node TP between rank 3 and rank 4, fail to access peer GPU memory
[10/07/2026-08:02:16] [TRT-LLM] [I] [_ipc_uti][RANK 1] Detect inter-node TP between rank 1 and rank 4, fail to access peer GPU memory
[10/07/2026-08:02:16] [TRT-LLM] [I] [_ipc_uti][RANK 1] Detect inter-node TP between rank 1 and rank 4, fail to access peer GPU memory
[10/07/2026-08:02:16] [TRT-LLM] [I] [_ipc_uti][RANK 1] Detect inter-node TP between rank 1 and rank 4, fail to access peer GPU memory
[10/07/2026-08:02:16] [TRT-LLM] [I] [_torch][RANK 1] [MegaMoECuteDsl] torch.distributed not initialized under MPI; bootstrapping NCCL WORLD group (rank=1/8, local_rank=1, device=cuda:1, 172.29.39.123:29503) for the EP rendezvous.
[10/07/2026-08:02:16] [TRT-LLM] [I] [_torch][RANK 3] [MegaMoECuteDsl] torch.distributed not initialized under MPI; bootstrapping NCCL WORLD group (rank=3/8, local_rank=3, device=cuda:3, 172.29.39.123:29503) for the EP rendezvous.
[10/07/2026-08:02:17] [TRT-LLM] [I] [_ipc_uti][RANK 7] Detect inter-node TP between rank 7 and rank 0, fail to access peer GPU memory
[10/07/2026-08:02:17] [TRT-LLM] [I] [_ipc_uti][RANK 7] Detect inter-node TP between rank 7 and rank 0, fail to access peer GPU memory
[10/07/2026-08:02:17] [TRT-LLM] [I] [_ipc_uti][RANK 7] Detect inter-node TP between rank 7 and rank 0, fail to access peer GPU memory
[10/07/2026-08:02:17] [TRT-LLM] [I] [_torch][RANK 7] [MegaMoECuteDsl] torch.distributed not initialized under MPI; bootstrapping NCCL WORLD group (rank=7/8, local_rank=3, device=cuda:3, 172.29.39.123:29503) for the EP rendezvous.
[10/07/2026-08:02:17] [TRT-LLM] [I] [_ipc_uti][RANK 4] Detect inter-node TP between rank 4 and rank 0, fail to access peer GPU memory
[10/07/2026-08:02:17] [TRT-LLM] [I] [_ipc_uti][RANK 4] Detect inter-node TP between rank 4 and rank 0, fail to access peer GPU memory
[10/07/2026-08:02:17] [TRT-LLM] [I] [_ipc_uti][RANK 4] Detect inter-node TP between rank 4 and rank 0, fail to access peer GPU memory
[10/07/2026-08:02:17] [TRT-LLM] [I] [_torch][RANK 4] [MegaMoECuteDsl] torch.distributed not initialized under MPI; bootstrapping NCCL WORLD group (rank=4/8, local_rank=0, device=cuda:0, 172.29.39.123:29503) for the EP rendezvous.
[10/07/2026-08:02:17] [TRT-LLM] [I] [_ipc_uti][RANK 6] Detect inter-node TP between rank 6 and rank 0, fail to access peer GPU memory
[10/07/2026-08:02:17] [TRT-LLM] [I] [_ipc_uti][RANK 6] Detect inter-node TP between rank 6 and rank 0, fail to access peer GPU memory
[10/07/2026-08:02:17] [TRT-LLM] [I] [_ipc_uti][RANK 6] Detect inter-node TP between rank 6 and rank 0, fail to access peer GPU memory
[10/07/2026-08:02:17] [TRT-LLM] [I] [_torch][RANK 6] [MegaMoECuteDsl] torch.distributed not initialized under MPI; bootstrapping NCCL WORLD group (rank=6/8, local_rank=2, device=cuda:2, 172.29.39.123:29503) for the EP rendezvous.
[10/07/2026-08:02:17] [TRT-LLM] [I] [_ipc_uti][RANK 5] Detect inter-node TP between rank 5 and rank 0, fail to access peer GPU memory
[10/07/2026-08:02:17] [TRT-LLM] [I] [_ipc_uti][RANK 5] Detect inter-node TP between rank 5 and rank 0, fail to access peer GPU memory
[10/07/2026-08:02:17] [TRT-LLM] [I] [_ipc_uti][RANK 5] Detect inter-node TP between rank 5 and rank 0, fail to access peer GPU memory
[10/07/2026-08:02:17] [TRT-LLM] [I] [_torch][RANK 5] [MegaMoECuteDsl] torch.distributed not initialized under MPI; bootstrapping NCCL WORLD group (rank=5/8, local_rank=1, device=cuda:1, 172.29.39.123:29503) for the EP rendezvous.
[2026-10-07T08:47:26.273] error: *** STEP 4263.21 ON vr-r42-cn01 CANCELLED AT 2026-10-07T08:47:26 DUE to SIGNAL Terminated ***
[2026-10-07T08:47:27.316] error: pyxis: child 104907 terminated with signal 15
[2026-10-07T08:47:27.501] error: pyxis: child 104797 terminated with signal 15
[2026-10-07T08:47:28.739] error:  mpi/pmix_v5: _errhandler: vr-r42-cn05 [1]: pmixp_client_v2.c:225: Error handler invoked: status = -61, source = [slurm.pmix.4263.21:4]
[2026-10-07T08:47:28.597] error:  mpi/pmix_v5: _errhandler: vr-r42-cn01 [0]: pmixp_client_v2.c:225: Error handler invoked: status = -61, source = [slurm.pmix.4263.21:0]
